[debug] [2026-09-02T11:47:28.823Z] ----------------------------------------------------------------------
[debug] [2026-09-02T11:47:28.830Z] Command:       C:\Program Files\nodejs\node.exe C:\Users\mohlb\Downloads\نظام-إدارة-أسطول-السيارات (4)\node_modules\firebase-tools\lib\bin\firebase.js login --reauth
[debug] [2026-09-02T11:47:28.831Z] CLI Version:   15.28.2
[debug] [2026-09-02T11:47:28.831Z] Platform:      win32
[debug] [2026-09-02T11:47:28.831Z] Node Version:  v25.6.0
[debug] [2026-09-02T11:47:28.831Z] Detected Agent: codex_cli
[debug] [2026-09-02T11:47:28.832Z] Time:          Wed Sep 02 2026 14:47:28 GMT+0300 (Arabian Standard Time)
[debug] [2026-09-02T11:47:28.832Z] ----------------------------------------------------------------------
[debug] 
[debug] [2026-09-02T11:47:28.850Z] >>> [apiv2][query] GET https://firebase-public.firebaseio.com/cli.json [none]
[debug] [2026-09-02T11:47:29.148Z] >>> [apiv2][query] POST https://auth.firebase.tools/attest [none]
[debug] [2026-09-02T11:47:29.149Z] >>> [apiv2][body] POST https://auth.firebase.tools/attest {"session_id":"ffef01f1-9f31-42dc-bef0-ebb55f1de65e"}
[debug] [2026-09-02T11:47:30.332Z] <<< [apiv2][status] GET https://firebase-public.firebaseio.com/cli.json 200
[debug] [2026-09-02T11:47:30.332Z] <<< [apiv2][body] GET https://firebase-public.firebaseio.com/cli.json {"cloudBuildErrorAfter":1594252800000,"cloudBuildWarnAfter":1590019200000,"defaultNode10After":1594252800000,"minVersion":"3.0.5","node8DeploysDisabledAfter":1613390400000,"node8RuntimeDisabledAfter":1615809600000,"node8WarnAfter":1600128000000}
[debug] [2026-09-02T11:47:39.428Z] *** [apiv2] error from fetch(https://auth.firebase.tools/attest, {"headers":{},"method":"POST","body":"{\"session_id\":\"ffef01f1-9f31-42dc-bef0-ebb55f1de65e\"}"}): ConnectTimeoutError: Connect Timeout Error (attempted addresses: 216.239.32.21:443, 216.239.34.21:443, 216.239.36.21:443, 216.239.38.21:443, timeout: 10000ms)
[error] 
[error] Error: Failed to start login: Failed to make request to https://auth.firebase.tools/attest
[debug] [2026-09-02T11:51:19.355Z] ----------------------------------------------------------------------
[debug] [2026-09-02T11:51:19.363Z] Command:       C:\Program Files\nodejs\node.exe C:\Users\mohlb\Downloads\نظام-إدارة-أسطول-السيارات (4)\node_modules\firebase-tools\lib\bin\firebase.js login --reauth
[debug] [2026-09-02T11:51:19.364Z] CLI Version:   15.28.2
[debug] [2026-09-02T11:51:19.364Z] Platform:      win32
[debug] [2026-09-02T11:51:19.364Z] Node Version:  v25.6.0
[debug] [2026-09-02T11:51:19.365Z] Detected Agent: codex_cli
[debug] [2026-09-02T11:51:19.365Z] Time:          Wed Sep 02 2026 14:51:19 GMT+0300 (Arabian Standard Time)
[debug] [2026-09-02T11:51:19.365Z] ----------------------------------------------------------------------
[debug] 
[debug] [2026-09-02T11:51:19.696Z] >>> [apiv2][query] POST https://auth.firebase.tools/attest [none]
[debug] [2026-09-02T11:51:19.697Z] >>> [apiv2][body] POST https://auth.firebase.tools/attest {"session_id":"df7b0bba-3036-455b-8635-9ae7953c9ac2"}
[debug] [2026-09-02T11:51:30.325Z] *** [apiv2] error from fetch(https://auth.firebase.tools/attest, {"headers":{},"method":"POST","body":"{\"session_id\":\"df7b0bba-3036-455b-8635-9ae7953c9ac2\"}"}): ConnectTimeoutError: Connect Timeout Error (attempted addresses: 216.239.32.21:443, 216.239.34.21:443, 216.239.36.21:443, 216.239.38.21:443, timeout: 10000ms)
[error] 
[error] Error: Failed to start login: Failed to make request to https://auth.firebase.tools/attest
[debug] [2026-09-02T11:53:05.241Z] ----------------------------------------------------------------------
[debug] [2026-09-02T11:53:05.248Z] Command:       C:\Program Files\nodejs\node.exe C:\Users\mohlb\Downloads\نظام-إدارة-أسطول-السيارات (4)\node_modules\firebase-tools\lib\bin\firebase.js login --reauth
[debug] [2026-09-02T11:53:05.249Z] CLI Version:   15.28.2
[debug] [2026-09-02T11:53:05.249Z] Platform:      win32
[debug] [2026-09-02T11:53:05.249Z] Node Version:  v25.6.0
[debug] [2026-09-02T11:53:05.250Z] Detected Agent: codex_cli
[debug] [2026-09-02T11:53:05.250Z] Time:          Wed Sep 02 2026 14:53:05 GMT+0300 (Arabian Standard Time)
[debug] [2026-09-02T11:53:05.250Z] ----------------------------------------------------------------------
[debug] 
[debug] [2026-09-02T11:53:05.542Z] >>> [apiv2][query] POST https://auth.firebase.tools/attest [none]
[debug] [2026-09-02T11:53:05.543Z] >>> [apiv2][body] POST https://auth.firebase.tools/attest {"session_id":"dc992611-7df9-47cd-b206-776ec557f968"}
[debug] [2026-09-02T11:53:07.476Z] <<< [apiv2][status] POST https://auth.firebase.tools/attest 200
[debug] [2026-09-02T11:53:07.476Z] <<< [apiv2][body] POST https://auth.firebase.tools/attest {"token":"UOWtVMKC82Klf0ebTA99gygQ98qa43OHRCDIRqWg-GM"}
[info] 
[info] To sign in to the Firebase CLI:
[info] 
[info] 1. Take note of your session ID:
[info] 
[info]    DC992
[info] 
[info] 2. Visit the URL below on any device and follow the instructions to get your code:
[info] 
[info]    https://auth.firebase.tools/login?code_challenge=ykkz2how3EepPHSKCi3MnmL1WfVbcM2NezF6-khddWY&session=dc992611-7df9-47cd-b206-776ec557f968&attest=UOWtVMKC82Klf0ebTA99gygQ98qa43OHRCDIRqWg-GM
[info] 
[info] 3. Complete the login by running:
[info] 
[info]    firebase login <authorizationCode>
[info] 
[debug] [2026-09-02T11:54:46.199Z] ----------------------------------------------------------------------
[debug] [2026-09-02T11:54:46.206Z] Command:       C:\Users\mohlb\Downloads\نظام-إدارة-أسطول-السيارات (4)\node_modules\node\bin\node.exe C:\Users\mohlb\Downloads\نظام-إدارة-أسطول-السيارات (4)\node_modules\firebase-tools\lib\bin\firebase.js login --reauth
[debug] [2026-09-02T11:54:46.207Z] CLI Version:   15.28.2
[debug] [2026-09-02T11:54:46.207Z] Platform:      win32
[debug] [2026-09-02T11:54:46.207Z] Node Version:  v24.20.0
[debug] [2026-09-02T11:54:46.207Z] Detected Agent: codex_cli
[debug] [2026-09-02T11:54:46.207Z] Time:          Wed Sep 02 2026 14:54:46 GMT+0300 (Arabian Standard Time)
[debug] [2026-09-02T11:54:46.208Z] ----------------------------------------------------------------------
[debug] 
[debug] [2026-09-02T11:54:46.526Z] >>> [apiv2][query] POST https://auth.firebase.tools/attest [none]
[debug] [2026-09-02T11:54:46.526Z] >>> [apiv2][body] POST https://auth.firebase.tools/attest {"session_id":"58c8eeaa-cef8-4ec9-a615-a418f466c8b9"}
[debug] [2026-09-02T11:54:47.506Z] <<< [apiv2][status] POST https://auth.firebase.tools/attest 200
[debug] [2026-09-02T11:54:47.506Z] <<< [apiv2][body] POST https://auth.firebase.tools/attest {"token":"gd84-d4UX2Dn1Yud-L0ngZzSP9VhZUT_Eqw3_0p45hI"}
[info] 
[info] To sign in to the Firebase CLI:
[info] 
[info] 1. Take note of your session ID:
[info] 
[info]    58C8E
[info] 
[info] 2. Visit the URL below on any device and follow the instructions to get your code:
[info] 
[info]    https://auth.firebase.tools/login?code_challenge=myw2XtyytHy65J-DdG3-aJdDAwh3irjLASus2bXQM08&session=58c8eeaa-cef8-4ec9-a615-a418f466c8b9&attest=gd84-d4UX2Dn1Yud-L0ngZzSP9VhZUT_Eqw3_0p45hI
[info] 
[info] 3. Complete the login by running:
[info] 
[info]    firebase login <authorizationCode>
[info] 
[debug] [2026-09-02T11:59:45.904Z] ----------------------------------------------------------------------
[debug] [2026-09-02T11:59:45.911Z] Command:       C:\Users\mohlb\Downloads\نظام-إدارة-أسطول-السيارات (4)\node_modules\node\bin\node.exe C:\Users\mohlb\Downloads\نظام-إدارة-أسطول-السيارات (4)\node_modules\firebase-tools\lib\bin\firebase.js login 4/0ATsMZqDdFqJj3-a7n6JClAIjrGNXYM9aDz4xTdmxglWN5Q3Z8TKr-hAtIyk2ypELqouiBw
[debug] [2026-09-02T11:59:45.912Z] CLI Version:   15.28.2
[debug] [2026-09-02T11:59:45.912Z] Platform:      win32
[debug] [2026-09-02T11:59:45.913Z] Node Version:  v24.20.0
[debug] [2026-09-02T11:59:45.913Z] Detected Agent: codex_cli
[debug] [2026-09-02T11:59:45.913Z] Time:          Wed Sep 02 2026 14:59:45 GMT+0300 (Arabian Standard Time)
[debug] [2026-09-02T11:59:45.913Z] ----------------------------------------------------------------------
[debug] 
[debug] [2026-09-02T11:59:46.190Z] >>> [apiv2][query] POST https://accounts.google.com/o/oauth2/token [none]
[debug] [2026-09-02T11:59:46.190Z] >>> [apiv2][body] POST https://accounts.google.com/o/oauth2/token [omitted]
[debug] [2026-09-02T11:59:46.707Z] <<< [apiv2][status] POST https://accounts.google.com/o/oauth2/token 200
[debug] [2026-09-02T11:59:46.707Z] <<< [apiv2][body] POST https://accounts.google.com/o/oauth2/token [omitted]
[info] +  Success! Logged in as mohmad3mmar017@gmail.com 
[debug] [2026-09-02T11:59:49.171Z] ----------------------------------------------------------------------
[debug] [2026-09-02T11:59:49.179Z] Command:       C:\Users\mohlb\Downloads\نظام-إدارة-أسطول-السيارات (4)\node_modules\node\bin\node.exe C:\Users\mohlb\Downloads\نظام-إدارة-أسطول-السيارات (4)\node_modules\firebase-tools\lib\bin\firebase.js projects:list
[debug] [2026-09-02T11:59:49.179Z] CLI Version:   15.28.2
[debug] [2026-09-02T11:59:49.180Z] Platform:      win32
[debug] [2026-09-02T11:59:49.180Z] Node Version:  v24.20.0
[debug] [2026-09-02T11:59:49.180Z] Detected Agent: codex_cli
[debug] [2026-09-02T11:59:49.181Z] Time:          Wed Sep 02 2026 14:59:49 GMT+0300 (Arabian Standard Time)
[debug] [2026-09-02T11:59:49.181Z] ----------------------------------------------------------------------
[debug] 
[debug] [2026-09-02T11:59:49.451Z] > command requires scopes: ["email","openid","https://www.googleapis.com/auth/cloudplatformprojects.readonly","https://www.googleapis.com/auth/firebase","https://www.googleapis.com/auth/cloud-platform"]
[debug] [2026-09-02T11:59:49.452Z] > authorizing via signed-in user (mohmad3mmar017@gmail.com)
[debug] [2026-09-02T11:59:49.469Z] Checked if tokens are valid: true, expires at: 1788353985707
[debug] [2026-09-02T11:59:49.469Z] Checked if tokens are valid: true, expires at: 1788353985707
[debug] [2026-09-02T11:59:49.471Z] >>> [apiv2][query] GET https://firebase.googleapis.com/v1beta1/projects pageSize=1000
[debug] [2026-09-02T11:59:51.241Z] <<< [apiv2][status] GET https://firebase.googleapis.com/v1beta1/projects 200
[debug] [2026-09-02T11:59:51.241Z] <<< [apiv2][body] GET https://firebase.googleapis.com/v1beta1/projects [omitted]
[info] ┌──────────────────────┬───────────────────────┬────────────────┬──────────────────────┐
│ Project Display Name │ Project ID            │ Project Number │ Resource Location ID │
├──────────────────────┼───────────────────────┼────────────────┼──────────────────────┤
│ astool               │ astoo-9b922 (current) │ 69884974576    │ [Not specified]      │
├──────────────────────┼───────────────────────┼────────────────┼──────────────────────┤
│ astool               │ astool-b2b07          │ 20416722486    │ [Not specified]      │
├──────────────────────┼───────────────────────┼────────────────┼──────────────────────┤
│ fqih app             │ fqih-app              │ 787350948749   │ [Not specified]      │
└──────────────────────┴───────────────────────┴────────────────┴──────────────────────┘
[info] 
[info] 3 project(s) total.
[debug] [2026-09-02T12:00:04.283Z] ----------------------------------------------------------------------
[debug] [2026-09-02T12:00:04.290Z] Command:       C:\Users\mohlb\Downloads\نظام-إدارة-أسطول-السيارات (4)\node_modules\node\bin\node.exe C:\Users\mohlb\Downloads\نظام-إدارة-أسطول-السيارات (4)\node_modules\firebase-tools\lib\bin\firebase.js deploy --only firestore:rules,firestore:indexes,hosting --project astoo-9b922
[debug] [2026-09-02T12:00:04.291Z] CLI Version:   15.28.2
[debug] [2026-09-02T12:00:04.291Z] Platform:      win32
[debug] [2026-09-02T12:00:04.291Z] Node Version:  v24.20.0
[debug] [2026-09-02T12:00:04.291Z] Detected Agent: codex_cli
[debug] [2026-09-02T12:00:04.291Z] Time:          Wed Sep 02 2026 15:00:04 GMT+0300 (Arabian Standard Time)
[debug] [2026-09-02T12:00:04.292Z] ----------------------------------------------------------------------
[debug] 
[debug] [2026-09-02T12:00:04.840Z] Error: Cannot find module 'C:\Users\mohlb\Downloads\نظام-إدارة-أسطول-السيارات (4)\node_modules\utils-merge\index'. Please verify that the package.json has a valid "main" entry
    at tryPackage (node:internal/modules/cjs/loader:559:19)
    at Module._findPath (node:internal/modules/cjs/loader:868:18)
    at Module._resolveFilename (node:internal/modules/cjs/loader:1557:27)
    at wrapResolveFilename (node:internal/modules/cjs/loader:1118:27)
    at defaultResolveImplForCJSLoading (node:internal/modules/cjs/loader:1142:10)
    at resolveForCJSWithHooks (node:internal/modules/cjs/loader:1169:12)
    at Module._load (node:internal/modules/cjs/loader:1341:5)
    at wrapModuleLoad (node:internal/modules/cjs/loader:261:19)
    at Module.require (node:internal/modules/cjs/loader:1674:12)
    at require (node:internal/modules/helpers:157:16)
[error] 
[error] Error: An unexpected error has occurred.
[debug] [2026-09-02T12:00:38.688Z] ----------------------------------------------------------------------
[debug] [2026-09-02T12:00:38.694Z] Command:       C:\Program Files\nodejs\node.exe C:\Users\mohlb\Downloads\نظام-إدارة-أسطول-السيارات (4)\node_modules\firebase-tools\lib\bin\firebase.js deploy --only firestore:rules,firestore:indexes,hosting --project astoo-9b922
[debug] [2026-09-02T12:00:38.695Z] CLI Version:   15.28.2
[debug] [2026-09-02T12:00:38.695Z] Platform:      win32
[debug] [2026-09-02T12:00:38.695Z] Node Version:  v25.6.0
[debug] [2026-09-02T12:00:38.695Z] Detected Agent: codex_cli
[debug] [2026-09-02T12:00:38.696Z] Time:          Wed Sep 02 2026 15:00:38 GMT+0300 (Arabian Standard Time)
[debug] [2026-09-02T12:00:38.696Z] ----------------------------------------------------------------------
[debug] 
[debug] [2026-09-02T12:00:41.575Z] > command requires scopes: ["email","openid","https://www.googleapis.com/auth/cloudplatformprojects.readonly","https://www.googleapis.com/auth/firebase","https://www.googleapis.com/auth/cloud-platform"]
[debug] [2026-09-02T12:00:41.575Z] > authorizing via signed-in user (mohmad3mmar017@gmail.com)
[debug] [2026-09-02T12:00:41.575Z] [iam] checking project astoo-9b922 for permissions ["datastore.indexes.create","datastore.indexes.delete","datastore.indexes.list","datastore.indexes.update","firebase.projects.get","firebasehosting.sites.update"]
[debug] [2026-09-02T12:00:41.592Z] Checked if tokens are valid: true, expires at: 1788353985707
[debug] [2026-09-02T12:00:41.593Z] Checked if tokens are valid: true, expires at: 1788353985707
[debug] [2026-09-02T12:00:41.594Z] >>> [apiv2][query] POST https://cloudresourcemanager.googleapis.com/v1/projects/astoo-9b922:testIamPermissions [none]
[debug] [2026-09-02T12:00:41.594Z] >>> [apiv2][(partial)header] POST https://cloudresourcemanager.googleapis.com/v1/projects/astoo-9b922:testIamPermissions  x-goog-user-project=astoo-9b922
[debug] [2026-09-02T12:00:41.595Z] >>> [apiv2][body] POST https://cloudresourcemanager.googleapis.com/v1/projects/astoo-9b922:testIamPermissions {"permissions":["datastore.indexes.create","datastore.indexes.delete","datastore.indexes.list","datastore.indexes.update","firebase.projects.get","firebasehosting.sites.update"]}
[debug] [2026-09-02T12:00:42.836Z] <<< [apiv2][status] POST https://cloudresourcemanager.googleapis.com/v1/projects/astoo-9b922:testIamPermissions 200
[debug] [2026-09-02T12:00:42.836Z] <<< [apiv2][body] POST https://cloudresourcemanager.googleapis.com/v1/projects/astoo-9b922:testIamPermissions {"permissions":["datastore.indexes.create","datastore.indexes.delete","datastore.indexes.list","datastore.indexes.update","firebase.projects.get","firebasehosting.sites.update"]}
[debug] [2026-09-02T12:00:42.837Z] Checked if tokens are valid: true, expires at: 1788353985707
[debug] [2026-09-02T12:00:42.837Z] Checked if tokens are valid: true, expires at: 1788353985707
[debug] [2026-09-02T12:00:42.838Z] >>> [apiv2][query] GET https://firebase.googleapis.com/v1beta1/projects/astoo-9b922 [none]
[debug] [2026-09-02T12:00:43.456Z] <<< [apiv2][status] GET https://firebase.googleapis.com/v1beta1/projects/astoo-9b922 200
[debug] [2026-09-02T12:00:43.456Z] <<< [apiv2][body] GET https://firebase.googleapis.com/v1beta1/projects/astoo-9b922 {"projectId":"astoo-9b922","projectNumber":"69884974576","displayName":"astool","name":"projects/astoo-9b922","resources":{"hostingSite":"astoo-9b922"},"state":"ACTIVE","labels":{"firebase":"enabled"},"etag":"1_7a610521-bb79-4c79-85f5-7f13e43c5bd9"}
[info] 
[info] === Deploying to 'astoo-9b922'...
[info] 
[info] i  deploying firestore, hosting 
[info] i  firestore: ensuring required API firestore.googleapis.com is enabled... 
[debug] [2026-09-02T12:00:43.461Z] Checked if tokens are valid: true, expires at: 1788353985707
[debug] [2026-09-02T12:00:43.461Z] Checked if tokens are valid: true, expires at: 1788353985707
[debug] [2026-09-02T12:00:43.461Z] >>> [apiv2][query] GET https://serviceusage.googleapis.com/v1/projects/astoo-9b922/services/firestore.googleapis.com [none]
[debug] [2026-09-02T12:00:43.461Z] >>> [apiv2][(partial)header] GET https://serviceusage.googleapis.com/v1/projects/astoo-9b922/services/firestore.googleapis.com  x-goog-user-project=astoo-9b922
[debug] [2026-09-02T12:00:44.972Z] <<< [apiv2][status] GET https://serviceusage.googleapis.com/v1/projects/astoo-9b922/services/firestore.googleapis.com 200
[debug] [2026-09-02T12:00:44.972Z] <<< [apiv2][body] GET https://serviceusage.googleapis.com/v1/projects/astoo-9b922/services/firestore.googleapis.com [omitted]
[warn] !  firestore: missing required API firestore.googleapis.com. Enabling now... 
[debug] [2026-09-02T12:00:44.973Z] Checked if tokens are valid: true, expires at: 1788353985707
[debug] [2026-09-02T12:00:44.973Z] Checked if tokens are valid: true, expires at: 1788353985707
[debug] [2026-09-02T12:00:44.973Z] >>> [apiv2][query] POST https://serviceusage.googleapis.com/v1/projects/astoo-9b922/services/firestore.googleapis.com:enable [none]
[debug] [2026-09-02T12:00:44.973Z] >>> [apiv2][(partial)header] POST https://serviceusage.googleapis.com/v1/projects/astoo-9b922/services/firestore.googleapis.com:enable  x-goog-user-project=astoo-9b922
[debug] [2026-09-02T12:00:46.460Z] <<< [apiv2][status] POST https://serviceusage.googleapis.com/v1/projects/astoo-9b922/services/firestore.googleapis.com:enable 200
[debug] [2026-09-02T12:00:46.461Z] <<< [apiv2][body] POST https://serviceusage.googleapis.com/v1/projects/astoo-9b922/services/firestore.googleapis.com:enable [omitted]
[info] i  firestore: ensuring required API firestore.googleapis.com is enabled... 
[debug] [2026-09-02T12:00:56.475Z] Checked if tokens are valid: true, expires at: 1788353985707
[debug] [2026-09-02T12:00:56.475Z] Checked if tokens are valid: true, expires at: 1788353985707
[debug] [2026-09-02T12:00:56.475Z] >>> [apiv2][query] GET https://firestore.googleapis.com/v1/projects/astoo-9b922/databases/(default) [none]
[debug] [2026-09-02T12:00:57.889Z] <<< [apiv2][status] GET https://firestore.googleapis.com/v1/projects/astoo-9b922/databases/(default) 404
[debug] [2026-09-02T12:00:57.889Z] <<< [apiv2][body] GET https://firestore.googleapis.com/v1/projects/astoo-9b922/databases/(default) {"error":{"code":404,"message":"Project 'astoo-9b922' or database '(default)' does not exist.","status":"NOT_FOUND"}}
[info] i  firestore: Creating the new Firestore database (default)... 
[debug] [2026-09-02T12:00:57.891Z] Checked if tokens are valid: true, expires at: 1788353985707
[debug] [2026-09-02T12:00:57.891Z] Checked if tokens are valid: true, expires at: 1788353985707
[debug] [2026-09-02T12:00:57.892Z] >>> [apiv2][query] POST https://firestore.googleapis.com/v1/projects/astoo-9b922/databases databaseId=%28default%29
[debug] [2026-09-02T12:00:57.892Z] >>> [apiv2][body] POST https://firestore.googleapis.com/v1/projects/astoo-9b922/databases {"locationId":"nam5","type":"FIRESTORE_NATIVE","databaseEdition":"STANDARD","deleteProtectionState":"DELETE_PROTECTION_DISABLED","pointInTimeRecoveryEnablement":"POINT_IN_TIME_RECOVERY_DISABLED"}
[debug] [2026-09-02T12:00:58.872Z] <<< [apiv2][status] POST https://firestore.googleapis.com/v1/projects/astoo-9b922/databases 200
[debug] [2026-09-02T12:00:58.872Z] <<< [apiv2][body] POST https://firestore.googleapis.com/v1/projects/astoo-9b922/databases {"name":"projects/astoo-9b922/databases/(default)/operations/AGIxodaQLJxzTgdLfRmkdRAqNW1hbgQiBRACz_C_iBAG1OCf-AgMCiga","metadata":{"@type":"type.googleapis.com/google.firestore.admin.v1.CreateDatabaseMetadata"},"done":true,"response":{"@type":"type.googleapis.com/google.firestore.admin.v1.Database","name":"projects/astoo-9b922/databases/(default)","uid":"75a4197d-4b07-4e73-9c2c-90d6a1316200","createTime":"2026-09-02T12:00:56.704389Z","updateTime":"2026-09-02T12:00:56.704389Z","locationId":"nam5","type":"FIRESTORE_NATIVE","concurrencyMode":"PESSIMISTIC","versionRetentionPeriod":"3600s","earliestVersionTime":"2026-09-02T12:00:56.704389Z","appEngineIntegrationMode":"DISABLED","keyPrefix":"s","pointInTimeRecoveryEnablement":"POINT_IN_TIME_RECOVERY_DISABLED","deleteProtectionState":"DELETE_PROTECTION_DISABLED","databaseEdition":"STANDARD","freeTier":true,"realtimeUpdatesMode":"REALTIME_UPDATES_MODE_ENABLED","enhancedTextSearchQueryMode":"ENHANCED_QUERY_MODE_ENABLED","etag":"IPqH1M3sz5YDMIXb0s3sz5YD"}}
[debug] [2026-09-02T12:00:58.873Z] Checked if tokens are valid: true, expires at: 1788353985707
[debug] [2026-09-02T12:00:58.874Z] Checked if tokens are valid: true, expires at: 1788353985707
[debug] [2026-09-02T12:00:58.874Z] >>> [apiv2][query] GET https://firestore.googleapis.com/v1/projects/astoo-9b922/databases/(default)/operations/AGIxodaQLJxzTgdLfRmkdRAqNW1hbgQiBRACz_C_iBAG1OCf-AgMCiga [none]
[debug] [2026-09-02T12:00:59.356Z] <<< [apiv2][status] GET https://firestore.googleapis.com/v1/projects/astoo-9b922/databases/(default)/operations/AGIxodaQLJxzTgdLfRmkdRAqNW1hbgQiBRACz_C_iBAG1OCf-AgMCiga 200
[debug] [2026-09-02T12:00:59.356Z] <<< [apiv2][body] GET https://firestore.googleapis.com/v1/projects/astoo-9b922/databases/(default)/operations/AGIxodaQLJxzTgdLfRmkdRAqNW1hbgQiBRACz_C_iBAG1OCf-AgMCiga {"name":"projects/astoo-9b922/databases/(default)/operations/AGIxodaQLJxzTgdLfRmkdRAqNW1hbgQiBRACz_C_iBAG1OCf-AgMCiga","metadata":{"@type":"type.googleapis.com/google.firestore.admin.v1.CreateDatabaseMetadata"},"done":true,"response":{"@type":"type.googleapis.com/google.firestore.admin.v1.Database","name":"projects/astoo-9b922/databases/(default)","uid":"75a4197d-4b07-4e73-9c2c-90d6a1316200","createTime":"2026-09-02T12:00:56.704389Z","updateTime":"2026-09-02T12:00:56.704389Z","locationId":"nam5","type":"FIRESTORE_NATIVE","concurrencyMode":"PESSIMISTIC","versionRetentionPeriod":"3600s","earliestVersionTime":"2026-09-02T12:00:56.704389Z","appEngineIntegrationMode":"DISABLED","keyPrefix":"s","pointInTimeRecoveryEnablement":"POINT_IN_TIME_RECOVERY_DISABLED","deleteProtectionState":"DELETE_PROTECTION_DISABLED","databaseEdition":"STANDARD","freeTier":true,"realtimeUpdatesMode":"REALTIME_UPDATES_MODE_ENABLED","enhancedTextSearchQueryMode":"ENHANCED_QUERY_MODE_ENABLED","etag":"IN3E8c3sz5YDMIXb0s3sz5YD"}}
[info] i  firestore: reading indexes from firestore.indexes.json... 
[info] i  cloud.firestore: checking firestore.rules for compilation errors... 
[debug] [2026-09-02T12:00:59.358Z] Checked if tokens are valid: true, expires at: 1788353985707
[debug] [2026-09-02T12:00:59.358Z] Checked if tokens are valid: true, expires at: 1788353985707
[debug] [2026-09-02T12:00:59.359Z] >>> [apiv2][query] POST https://firebaserules.googleapis.com/v1/projects/astoo-9b922:test [none]
[debug] [2026-09-02T12:00:59.359Z] >>> [apiv2][body] POST https://firebaserules.googleapis.com/v1/projects/astoo-9b922:test [omitted]
[debug] [2026-09-02T12:01:00.707Z] <<< [apiv2][status] POST https://firebaserules.googleapis.com/v1/projects/astoo-9b922:test 200
[debug] [2026-09-02T12:01:00.707Z] <<< [apiv2][body] POST https://firebaserules.googleapis.com/v1/projects/astoo-9b922:test {}
[info] +  cloud.firestore: rules file firestore.rules compiled successfully 
[debug] [2026-09-02T12:01:00.708Z] Checked if tokens are valid: true, expires at: 1788353985707
[debug] [2026-09-02T12:01:00.708Z] Checked if tokens are valid: true, expires at: 1788353985707
[debug] [2026-09-02T12:01:00.709Z] >>> [apiv2][query] GET https://firebasehosting.googleapis.com/v1beta1/projects/astoo-9b922/sites/astoo-9b922 [none]
[debug] [2026-09-02T12:01:02.347Z] <<< [apiv2][status] GET https://firebasehosting.googleapis.com/v1beta1/projects/astoo-9b922/sites/astoo-9b922 200
[debug] [2026-09-02T12:01:02.347Z] <<< [apiv2][body] GET https://firebasehosting.googleapis.com/v1beta1/projects/astoo-9b922/sites/astoo-9b922 {"name":"projects/astoo-9b922/sites/astoo-9b922","defaultUrl":"https://astoo-9b922.web.app","type":"DEFAULT_SITE"}
[debug] [2026-09-02T12:01:02.349Z] Checked if tokens are valid: true, expires at: 1788353985707
[debug] [2026-09-02T12:01:02.349Z] Checked if tokens are valid: true, expires at: 1788353985707
[debug] [2026-09-02T12:01:02.350Z] >>> [apiv2][query] POST https://firebasehosting.googleapis.com/v1beta1/projects/-/sites/astoo-9b922/versions [none]
[debug] [2026-09-02T12:01:02.350Z] >>> [apiv2][body] POST https://firebasehosting.googleapis.com/v1beta1/projects/-/sites/astoo-9b922/versions {"status":"CREATED","labels":{"deployment-tool":"cli-firebase"}}
[debug] [2026-09-02T12:01:05.916Z] <<< [apiv2][status] POST https://firebasehosting.googleapis.com/v1beta1/projects/-/sites/astoo-9b922/versions 200
[debug] [2026-09-02T12:01:05.916Z] <<< [apiv2][body] POST https://firebasehosting.googleapis.com/v1beta1/projects/-/sites/astoo-9b922/versions {"name":"projects/69884974576/sites/astoo-9b922/versions/8d2fb31a86432e7d","status":"CREATED","config":{},"labels":{"deployment-tool":"cli-firebase"}}
[debug] [2026-09-02T12:01:05.917Z] Checked if tokens are valid: true, expires at: 1788353985707
[debug] [2026-09-02T12:01:05.917Z] Checked if tokens are valid: true, expires at: 1788353985707
[debug] [2026-09-02T12:01:05.917Z] >>> [apiv2][query] GET https://firebaserules.googleapis.com/v1/projects/astoo-9b922/releases pageSize=10&pageToken=
[debug] [2026-09-02T12:01:06.902Z] <<< [apiv2][status] GET https://firebaserules.googleapis.com/v1/projects/astoo-9b922/releases 200
[debug] [2026-09-02T12:01:06.902Z] <<< [apiv2][body] GET https://firebaserules.googleapis.com/v1/projects/astoo-9b922/releases {}
[info] i  firestore: uploading rules firestore.rules... 
[debug] [2026-09-02T12:01:06.903Z] Checked if tokens are valid: true, expires at: 1788353985707
[debug] [2026-09-02T12:01:06.903Z] Checked if tokens are valid: true, expires at: 1788353985707
[debug] [2026-09-02T12:01:06.903Z] >>> [apiv2][query] POST https://firebaserules.googleapis.com/v1/projects/astoo-9b922/rulesets [none]
[debug] [2026-09-02T12:01:06.903Z] >>> [apiv2][body] POST https://firebaserules.googleapis.com/v1/projects/astoo-9b922/rulesets [omitted]
[debug] [2026-09-02T12:01:07.501Z] <<< [apiv2][status] POST https://firebaserules.googleapis.com/v1/projects/astoo-9b922/rulesets 200
[debug] [2026-09-02T12:01:07.501Z] <<< [apiv2][body] POST https://firebaserules.googleapis.com/v1/projects/astoo-9b922/rulesets {"name":"projects/astoo-9b922/rulesets/64dd7e2d-edbc-4fd4-a981-27360847c7c0","source":{"files":[{"content":"rules_version = '2';\n\nservice cloud.firestore {\n  match /databases/{database}/documents {\n    function signedIn() {\n      return request.auth != null && request.auth.token.email != null;\n    }\n\n    function isMember() {\n      return signedIn()\n        && exists(/databases/$(database)/documents/allowedUsers/$(request.auth.token.email));\n    }\n\n    function isAdmin() {\n      return isMember()\n        && get(/databases/$(database)/documents/allowedUsers/$(request.auth.token.email)).data.role == \"admin\";\n    }\n\n    function isBootstrapAdmin(email) {\n      return signedIn()\n        && request.auth.token.email == email\n        && !exists(/databases/$(database)/documents/appConfig/bootstrap)\n        && existsAfter(/databases/$(database)/documents/appConfig/bootstrap)\n        && getAfter(/databases/$(database)/documents/appConfig/bootstrap).data.ownerEmail == email;\n    }\n\n    function isPublicVehicleSubmission(vehicleId) {\n      return request.auth == null\n        && request.resource.data.keys().hasOnly([\n          \"id\", \"name\", \"make\", \"model\", \"year\", \"color\", \"vehicleType\",\n          \"licensePlate\", \"vin\", \"currentMileage\", \"createdAt\", \"updatedAt\", \"status\"\n        ])\n        && request.resource.data.id == vehicleId\n        && request.resource.data.make is string\n        && request.resource.data.model is string\n        && request.resource.data.licensePlate is string;\n    }\n\n    function isPublicRuleSubmission() {\n      return request.auth == null\n        && request.resource.data.keys().hasOnly([\n          \"id\", \"vehicleId\", \"intervalKm\", \"intervalMonths\", \"warningKm\",\n          \"warningDays\", \"lastServiceMileage\", \"lastServiceDate\"\n        ])\n        && request.resource.data.id is string\n        && request.resource.data.vehicleId is string\n        && existsAfter(/databases/$(database)/documents/vehicles/$(request.resource.data.vehicleId));\n    }\n\n    match /appConfig/bootstrap {\n      allow get: if signedIn();\n      allow create: if signedIn()\n        && !exists(/databases/$(database)/documents/appConfig/bootstrap)\n        && request.resource.data.keys().hasOnly([\"ownerEmail\", \"initializedAt\"])\n        && request.resource.data.ownerEmail == request.auth.token.email\n        && existsAfter(/databases/$(database)/documents/allowedUsers/$(request.auth.token.email))\n        && getAfter(/databases/$(database)/documents/allowedUsers/$(request.auth.token.email)).data.role == \"admin\";\n    }\n\n    match /allowedUsers/{email} {\n      allow get: if isAdmin() || (signedIn() && request.auth.token.email == email);\n      allow list: if isAdmin();\n      allow create: if (isAdmin() && request.resource.data.role == \"subordinate\")\n        || (isBootstrapAdmin(email) && request.resource.data.role == \"admin\");\n      allow update, delete: if isAdmin();\n    }\n\n    match /vehicles/{vehicleId} {\n      allow read, update, delete: if isMember();\n      allow create: if isMember() || isPublicVehicleSubmission(vehicleId);\n    }\n\n    match /rules/{ruleId} {\n      allow read, update, delete: if isMember();\n      allow create: if isMember() || isPublicRuleSubmission();\n    }\n\n    match /records/{recordId} {\n      allow read, write: if isMember();\n    }\n  }\n}\n","name":"firestore.rules"}]},"createTime":"2026-09-02T12:01:05.396071Z","metadata":{"services":["cloud.firestore"]}}
[debug] [2026-09-02T12:01:07.501Z] [rules] created ruleset projects/astoo-9b922/rulesets/64dd7e2d-edbc-4fd4-a981-27360847c7c0
[info] i  firestore: deploying indexes... 
[debug] [2026-09-02T12:01:07.502Z] Checked if tokens are valid: true, expires at: 1788353985707
[debug] [2026-09-02T12:01:07.502Z] Checked if tokens are valid: true, expires at: 1788353985707
[debug] [2026-09-02T12:01:07.503Z] >>> [apiv2][query] GET https://firestore.googleapis.com/v1/projects/astoo-9b922/databases/(default)/collectionGroups/-/indexes [none]
[debug] [2026-09-02T12:01:09.654Z] <<< [apiv2][status] GET https://firestore.googleapis.com/v1/projects/astoo-9b922/databases/(default)/collectionGroups/-/indexes 200
[debug] [2026-09-02T12:01:09.654Z] <<< [apiv2][body] GET https://firestore.googleapis.com/v1/projects/astoo-9b922/databases/(default)/collectionGroups/-/indexes {}
[debug] [2026-09-02T12:01:09.655Z] Checked if tokens are valid: true, expires at: 1788353985707
[debug] [2026-09-02T12:01:09.655Z] Checked if tokens are valid: true, expires at: 1788353985707
[debug] [2026-09-02T12:01:09.655Z] >>> [apiv2][query] GET https://firestore.googleapis.com/v1/projects/astoo-9b922/databases/(default)/collectionGroups/-/fields?filter=indexConfig.usesAncestorConfig=false OR ttlConfig:* [none]
[debug] [2026-09-02T12:01:10.386Z] <<< [apiv2][status] GET https://firestore.googleapis.com/v1/projects/astoo-9b922/databases/(default)/collectionGroups/-/fields?filter=indexConfig.usesAncestorConfig=false OR ttlConfig:* 200
[debug] [2026-09-02T12:01:10.386Z] <<< [apiv2][body] GET https://firestore.googleapis.com/v1/projects/astoo-9b922/databases/(default)/collectionGroups/-/fields?filter=indexConfig.usesAncestorConfig=false OR ttlConfig:* {"fields":[{"name":"projects/astoo-9b922/databases/(default)/collectionGroups/__default__/fields/*","indexConfig":{"indexes":[{"queryScope":"COLLECTION","fields":[{"fieldPath":"*","order":"ASCENDING"}],"state":"READY"},{"queryScope":"COLLECTION","fields":[{"fieldPath":"*","order":"DESCENDING"}],"state":"READY"},{"queryScope":"COLLECTION","fields":[{"fieldPath":"*","arrayConfig":"CONTAINS"}],"state":"READY"}]}}]}
[debug] [2026-09-02T12:01:10.387Z] Checked if tokens are valid: true, expires at: 1788353985707
[debug] [2026-09-02T12:01:10.387Z] Checked if tokens are valid: true, expires at: 1788353985707
[debug] [2026-09-02T12:01:10.387Z] >>> [apiv2][query] GET https://firestore.googleapis.com/v1/projects/astoo-9b922/databases/(default) [none]
[debug] [2026-09-02T12:01:10.765Z] <<< [apiv2][status] GET https://firestore.googleapis.com/v1/projects/astoo-9b922/databases/(default) 200
[debug] [2026-09-02T12:01:10.765Z] <<< [apiv2][body] GET https://firestore.googleapis.com/v1/projects/astoo-9b922/databases/(default) {"name":"projects/astoo-9b922/databases/(default)","uid":"75a4197d-4b07-4e73-9c2c-90d6a1316200","createTime":"2026-09-02T12:00:56.704389Z","updateTime":"2026-09-02T12:00:56.704389Z","locationId":"nam5","type":"FIRESTORE_NATIVE","concurrencyMode":"PESSIMISTIC","versionRetentionPeriod":"3600s","earliestVersionTime":"2026-09-02T12:00:56.704389Z","appEngineIntegrationMode":"DISABLED","keyPrefix":"s","pointInTimeRecoveryEnablement":"POINT_IN_TIME_RECOVERY_DISABLED","deleteProtectionState":"DELETE_PROTECTION_DISABLED","databaseEdition":"STANDARD","freeTier":true,"realtimeUpdatesMode":"REALTIME_UPDATES_MODE_ENABLED","enhancedTextSearchQueryMode":"ENHANCED_QUERY_MODE_ENABLED","etag":"ILHTqdPsz5YDMJGvkNPsz5YD"}
[info] +  firestore: deployed indexes in firestore.indexes.json successfully for (default) database 
[info] i  hosting[astoo-9b922]: beginning deploy... 
[info] i  hosting[astoo-9b922]: found 3 files in dist 
[debug] [2026-09-02T12:01:10.782Z] [hosting] uploading with 200 concurrency
[debug] [2026-09-02T12:01:10.783Z] [hosting] hash cache [ZGlzdA] not populated
[debug] [2026-09-02T12:01:10.848Z] Checked if tokens are valid: true, expires at: 1788353985707
[debug] [2026-09-02T12:01:10.848Z] Checked if tokens are valid: true, expires at: 1788353985707
[debug] [2026-09-02T12:01:10.851Z] [hosting] hash cache [ZGlzdA] stored for 3 files
[debug] [2026-09-02T12:01:10.851Z] [hosting][hash queue][FINAL] {"max":62,"min":4,"avg":23.666666666666668,"active":0,"complete":3,"success":3,"errored":0,"retried":0,"total":3,"elapsed":68}
[debug] [2026-09-02T12:01:10.851Z] >>> [apiv2][query] POST https://firebasehosting.googleapis.com/v1beta1/projects/69884974576/sites/astoo-9b922/versions/8d2fb31a86432e7d:populateFiles [none]
[debug] [2026-09-02T12:01:10.851Z] >>> [apiv2][body] POST https://firebasehosting.googleapis.com/v1beta1/projects/69884974576/sites/astoo-9b922/versions/8d2fb31a86432e7d:populateFiles {"files":{"/index.html":"8de44d57ecb568cebb9710b6e6c6040c1794a4e13aad54a5d9ee28e865ce5a2a","/assets/index-DWdSbKH0.css":"cc03ee0d8f68f338fdd2662cfa4ed5055af2772340b48a808961953324aba956","/assets/index-CkJphc1z.js":"52f7762184c97f1f6a92a71c2bb7c8ae49d4985a26ca471d53f44a321e0d290b"}}
[debug] [2026-09-02T12:01:11.823Z] <<< [apiv2][status] POST https://firebasehosting.googleapis.com/v1beta1/projects/69884974576/sites/astoo-9b922/versions/8d2fb31a86432e7d:populateFiles 200
[debug] [2026-09-02T12:01:11.823Z] <<< [apiv2][body] POST https://firebasehosting.googleapis.com/v1beta1/projects/69884974576/sites/astoo-9b922/versions/8d2fb31a86432e7d:populateFiles {"uploadRequiredHashes":["cc03ee0d8f68f338fdd2662cfa4ed5055af2772340b48a808961953324aba956","52f7762184c97f1f6a92a71c2bb7c8ae49d4985a26ca471d53f44a321e0d290b","8de44d57ecb568cebb9710b6e6c6040c1794a4e13aad54a5d9ee28e865ce5a2a"],"uploadUrl":"https://upload-firebasehosting.googleapis.com/upload/sites/astoo-9b922/versions/8d2fb31a86432e7d/files"}
[debug] [2026-09-02T12:01:11.824Z] Checked if tokens are valid: true, expires at: 1788353985707
[debug] [2026-09-02T12:01:11.824Z] Checked if tokens are valid: true, expires at: 1788353985707
[debug] [2026-09-02T12:01:11.824Z] Checked if tokens are valid: true, expires at: 1788353985707
[debug] [2026-09-02T12:01:11.824Z] Checked if tokens are valid: true, expires at: 1788353985707
[debug] [2026-09-02T12:01:11.825Z] Checked if tokens are valid: true, expires at: 1788353985707
[debug] [2026-09-02T12:01:11.825Z] Checked if tokens are valid: true, expires at: 1788353985707
[debug] [2026-09-02T12:01:11.825Z] >>> [apiv2][query] POST https://upload-firebasehosting.googleapis.com/upload/sites/astoo-9b922/versions/8d2fb31a86432e7d/files/cc03ee0d8f68f338fdd2662cfa4ed5055af2772340b48a808961953324aba956 [none]
[debug] [2026-09-02T12:01:11.825Z] >>> [apiv2][body] POST https://upload-firebasehosting.googleapis.com/upload/sites/astoo-9b922/versions/8d2fb31a86432e7d/files/cc03ee0d8f68f338fdd2662cfa4ed5055af2772340b48a808961953324aba956 [stream]
[debug] [2026-09-02T12:01:11.827Z] >>> [apiv2][query] POST https://upload-firebasehosting.googleapis.com/upload/sites/astoo-9b922/versions/8d2fb31a86432e7d/files/52f7762184c97f1f6a92a71c2bb7c8ae49d4985a26ca471d53f44a321e0d290b [none]
[debug] [2026-09-02T12:01:11.827Z] >>> [apiv2][body] POST https://upload-firebasehosting.googleapis.com/upload/sites/astoo-9b922/versions/8d2fb31a86432e7d/files/52f7762184c97f1f6a92a71c2bb7c8ae49d4985a26ca471d53f44a321e0d290b [stream]
[debug] [2026-09-02T12:01:11.828Z] >>> [apiv2][query] POST https://upload-firebasehosting.googleapis.com/upload/sites/astoo-9b922/versions/8d2fb31a86432e7d/files/8de44d57ecb568cebb9710b6e6c6040c1794a4e13aad54a5d9ee28e865ce5a2a [none]
[debug] [2026-09-02T12:01:11.828Z] >>> [apiv2][body] POST https://upload-firebasehosting.googleapis.com/upload/sites/astoo-9b922/versions/8d2fb31a86432e7d/files/8de44d57ecb568cebb9710b6e6c6040c1794a4e13aad54a5d9ee28e865ce5a2a [stream]
[debug] [2026-09-02T12:01:11.831Z] [hosting][populate queue][FINAL] {"max":977,"min":977,"avg":977,"active":0,"complete":1,"success":1,"errored":0,"retried":0,"total":1,"elapsed":983}
[debug] [2026-09-02T12:01:11.831Z] [hosting] uploads queued: 3
[info] i  hosting: uploading new files [0/3] (0%) 
[debug] [2026-09-02T12:01:13.308Z] <<< [apiv2][status] POST https://upload-firebasehosting.googleapis.com/upload/sites/astoo-9b922/versions/8d2fb31a86432e7d/files/8de44d57ecb568cebb9710b6e6c6040c1794a4e13aad54a5d9ee28e865ce5a2a 200
[debug] [2026-09-02T12:01:13.308Z] <<< [apiv2][body] POST https://upload-firebasehosting.googleapis.com/upload/sites/astoo-9b922/versions/8d2fb31a86432e7d/files/8de44d57ecb568cebb9710b6e6c6040c1794a4e13aad54a5d9ee28e865ce5a2a [stream]
[debug] [2026-09-02T12:01:13.643Z] <<< [apiv2][status] POST https://upload-firebasehosting.googleapis.com/upload/sites/astoo-9b922/versions/8d2fb31a86432e7d/files/cc03ee0d8f68f338fdd2662cfa4ed5055af2772340b48a808961953324aba956 200
[debug] [2026-09-02T12:01:13.643Z] <<< [apiv2][body] POST https://upload-firebasehosting.googleapis.com/upload/sites/astoo-9b922/versions/8d2fb31a86432e7d/files/cc03ee0d8f68f338fdd2662cfa4ed5055af2772340b48a808961953324aba956 [stream]
[info] i  hosting: uploading new files [2/3] (66%) 
[debug] [2026-09-02T12:01:14.954Z] <<< [apiv2][status] POST https://upload-firebasehosting.googleapis.com/upload/sites/astoo-9b922/versions/8d2fb31a86432e7d/files/52f7762184c97f1f6a92a71c2bb7c8ae49d4985a26ca471d53f44a321e0d290b 200
[debug] [2026-09-02T12:01:14.954Z] <<< [apiv2][body] POST https://upload-firebasehosting.googleapis.com/upload/sites/astoo-9b922/versions/8d2fb31a86432e7d/files/52f7762184c97f1f6a92a71c2bb7c8ae49d4985a26ca471d53f44a321e0d290b [stream]
[debug] [2026-09-02T12:01:14.954Z] [hosting][upload queue][FINAL] {"max":3130,"min":1485,"avg":2145,"active":0,"complete":3,"success":3,"errored":0,"retried":0,"total":3,"elapsed":3131}
[info] i  hosting: upload complete 
[info] +  hosting[astoo-9b922]: file upload complete 
[debug] [2026-09-02T12:01:14.955Z] [hosting] deploy completed after 4187ms
[debug] [2026-09-02T12:01:14.955Z] [rules] releasing cloud.firestore with ruleset projects/astoo-9b922/rulesets/64dd7e2d-edbc-4fd4-a981-27360847c7c0
[debug] [2026-09-02T12:01:14.955Z] Checked if tokens are valid: true, expires at: 1788353985707
[debug] [2026-09-02T12:01:14.955Z] Checked if tokens are valid: true, expires at: 1788353985707
[debug] [2026-09-02T12:01:14.956Z] >>> [apiv2][query] PATCH https://firebaserules.googleapis.com/v1/projects/astoo-9b922/releases/cloud.firestore [none]
[debug] [2026-09-02T12:01:14.956Z] >>> [apiv2][body] PATCH https://firebaserules.googleapis.com/v1/projects/astoo-9b922/releases/cloud.firestore {"release":{"name":"projects/astoo-9b922/releases/cloud.firestore","rulesetName":"projects/astoo-9b922/rulesets/64dd7e2d-edbc-4fd4-a981-27360847c7c0"}}
[debug] [2026-09-02T12:01:16.005Z] <<< [apiv2][status] PATCH https://firebaserules.googleapis.com/v1/projects/astoo-9b922/releases/cloud.firestore 404
[debug] [2026-09-02T12:01:16.005Z] <<< [apiv2][body] PATCH https://firebaserules.googleapis.com/v1/projects/astoo-9b922/releases/cloud.firestore {"error":{"code":404,"message":"Requested entity was not found.","status":"NOT_FOUND"}}
[debug] [2026-09-02T12:01:16.005Z] [rules] ruleset update failed, attempting to create instead
[debug] [2026-09-02T12:01:16.006Z] Checked if tokens are valid: true, expires at: 1788353985707
[debug] [2026-09-02T12:01:16.006Z] Checked if tokens are valid: true, expires at: 1788353985707
[debug] [2026-09-02T12:01:16.006Z] >>> [apiv2][query] POST https://firebaserules.googleapis.com/v1/projects/astoo-9b922/releases [none]
[debug] [2026-09-02T12:01:16.006Z] >>> [apiv2][body] POST https://firebaserules.googleapis.com/v1/projects/astoo-9b922/releases {"name":"projects/astoo-9b922/releases/cloud.firestore","rulesetName":"projects/astoo-9b922/rulesets/64dd7e2d-edbc-4fd4-a981-27360847c7c0"}
[debug] [2026-09-02T12:01:17.116Z] <<< [apiv2][status] POST https://firebaserules.googleapis.com/v1/projects/astoo-9b922/releases 200
[debug] [2026-09-02T12:01:17.116Z] <<< [apiv2][body] POST https://firebaserules.googleapis.com/v1/projects/astoo-9b922/releases {"name":"projects/astoo-9b922/releases/cloud.firestore","rulesetName":"projects/astoo-9b922/rulesets/64dd7e2d-edbc-4fd4-a981-27360847c7c0","createTime":"2026-09-02T12:01:14.945159Z","updateTime":"2026-09-02T12:01:14.945159Z"}
[debug] [2026-09-02T12:01:17.117Z] [rules] created release projects/astoo-9b922/releases/cloud.firestore
[info] +  firestore: released rules firestore.rules to cloud.firestore 
[debug] [2026-09-02T12:01:17.117Z] [
  {
    "config": {
      "public": "dist",
      "ignore": [
        "firebase.json",
        "**/.*",
        "**/node_modules/**"
      ],
      "rewrites": [
        {
          "source": "**",
          "destination": "/index.html"
        }
      ],
      "site": "astoo-9b922"
    },
    "version": "projects/69884974576/sites/astoo-9b922/versions/8d2fb31a86432e7d"
  }
]
[info] i  hosting[astoo-9b922]: finalizing version... 
[debug] [2026-09-02T12:01:17.119Z] Checked if tokens are valid: true, expires at: 1788353985707
[debug] [2026-09-02T12:01:17.119Z] Checked if tokens are valid: true, expires at: 1788353985707
[debug] [2026-09-02T12:01:17.119Z] >>> [apiv2][query] PATCH https://firebasehosting.googleapis.com/v1beta1/projects/-/sites/astoo-9b922/versions/8d2fb31a86432e7d updateMask=status%2Cconfig
[debug] [2026-09-02T12:01:17.119Z] >>> [apiv2][body] PATCH https://firebasehosting.googleapis.com/v1beta1/projects/-/sites/astoo-9b922/versions/8d2fb31a86432e7d {"status":"FINALIZED","config":{"rewrites":[{"glob":"**","path":"/index.html"}]}}
[debug] [2026-09-02T12:01:19.032Z] <<< [apiv2][status] PATCH https://firebasehosting.googleapis.com/v1beta1/projects/-/sites/astoo-9b922/versions/8d2fb31a86432e7d 200
[debug] [2026-09-02T12:01:19.032Z] <<< [apiv2][body] PATCH https://firebasehosting.googleapis.com/v1beta1/projects/-/sites/astoo-9b922/versions/8d2fb31a86432e7d {"name":"projects/69884974576/sites/astoo-9b922/versions/8d2fb31a86432e7d","status":"FINALIZED","config":{"rewrites":[{"glob":"**","path":"/index.html"}]},"labels":{"deployment-tool":"cli-firebase"},"createTime":"2026-09-02T12:01:01.233112Z","createUser":{"email":"mohmad3mmar017@gmail.com"},"finalizeTime":"2026-09-02T12:01:16.819589Z","finalizeUser":{"email":"mohmad3mmar017@gmail.com"}}
[debug] [2026-09-02T12:01:19.032Z] [hosting] finalized version for astoo-9b922:[object Object]
[info] +  hosting[astoo-9b922]: version finalized 
[info] i  hosting[astoo-9b922]: releasing new version... 
[debug] [2026-09-02T12:01:19.032Z] Checked if tokens are valid: true, expires at: 1788353985707
[debug] [2026-09-02T12:01:19.032Z] Checked if tokens are valid: true, expires at: 1788353985707
[debug] [2026-09-02T12:01:19.033Z] >>> [apiv2][query] POST https://firebasehosting.googleapis.com/v1beta1/projects/-/sites/astoo-9b922/channels/live/releases versionName=projects%2F69884974576%2Fsites%2Fastoo-9b922%2Fversions%2F8d2fb31a86432e7d
[debug] [2026-09-02T12:01:19.033Z] >>> [apiv2][body] POST https://firebasehosting.googleapis.com/v1beta1/projects/-/sites/astoo-9b922/channels/live/releases {}
[debug] [2026-09-02T12:01:20.380Z] <<< [apiv2][status] POST https://firebasehosting.googleapis.com/v1beta1/projects/-/sites/astoo-9b922/channels/live/releases 200
[debug] [2026-09-02T12:01:20.380Z] <<< [apiv2][body] POST https://firebasehosting.googleapis.com/v1beta1/projects/-/sites/astoo-9b922/channels/live/releases {"name":"projects/69884974576/sites/astoo-9b922/channels/live/releases/1788350477233000","version":{"name":"projects/69884974576/sites/astoo-9b922/versions/8d2fb31a86432e7d","status":"FINALIZED","config":{"rewrites":[{"glob":"**","path":"/index.html"}]},"labels":{"deployment-tool":"cli-firebase"},"createTime":"2026-09-02T12:01:01.233112Z","createUser":{"email":"mohmad3mmar017@gmail.com","imageUrl":"https://lh3.googleusercontent.com/a/ACg8ocJe7LRH8_wW2sc61ZZcVZ3mRErFo38Q2IRlVd-76PW91FwHtw=mo"},"finalizeTime":"2026-09-02T12:01:16.819589Z","finalizeUser":{"email":"mohmad3mmar017@gmail.com","imageUrl":"https://lh3.googleusercontent.com/a/ACg8ocJe7LRH8_wW2sc61ZZcVZ3mRErFo38Q2IRlVd-76PW91FwHtw=mo"}},"type":"DEPLOY","releaseTime":"2026-09-02T12:01:17.233Z","releaseUser":{"email":"mohmad3mmar017@gmail.com","imageUrl":"https://lh3.googleusercontent.com/a/ACg8ocJe7LRH8_wW2sc61ZZcVZ3mRErFo38Q2IRlVd-76PW91FwHtw=mo"}}
[debug] [2026-09-02T12:01:20.380Z] [hosting] release: {"name":"projects/69884974576/sites/astoo-9b922/channels/live/releases/1788350477233000","version":{"name":"projects/69884974576/sites/astoo-9b922/versions/8d2fb31a86432e7d","status":"FINALIZED","config":{"rewrites":[{"glob":"**","path":"/index.html"}]},"labels":{"deployment-tool":"cli-firebase"},"createTime":"2026-09-02T12:01:01.233112Z","createUser":{"email":"mohmad3mmar017@gmail.com","imageUrl":"https://lh3.googleusercontent.com/a/ACg8ocJe7LRH8_wW2sc61ZZcVZ3mRErFo38Q2IRlVd-76PW91FwHtw=mo"},"finalizeTime":"2026-09-02T12:01:16.819589Z","finalizeUser":{"email":"mohmad3mmar017@gmail.com","imageUrl":"https://lh3.googleusercontent.com/a/ACg8ocJe7LRH8_wW2sc61ZZcVZ3mRErFo38Q2IRlVd-76PW91FwHtw=mo"}},"type":"DEPLOY","releaseTime":"2026-09-02T12:01:17.233Z","releaseUser":{"email":"mohmad3mmar017@gmail.com","imageUrl":"https://lh3.googleusercontent.com/a/ACg8ocJe7LRH8_wW2sc61ZZcVZ3mRErFo38Q2IRlVd-76PW91FwHtw=mo"}}
[info] +  hosting[astoo-9b922]: release complete 
[info] 
[info] +  Deploy complete! 
[info] 
[info] Project Console: https://console.firebase.google.com/project/astoo-9b922/overview
[info] Hosting URL: https://astoo-9b922.web.app
[debug] [2026-09-02T12:10:14.769Z] ----------------------------------------------------------------------
[debug] [2026-09-02T12:10:14.776Z] Command:       C:\Program Files\nodejs\node.exe C:\Users\mohlb\Downloads\نظام-إدارة-أسطول-السيارات (4)\node_modules\firebase-tools\lib\bin\firebase.js deploy --only firestore:rules,hosting --project astoo-9b922
[debug] [2026-09-02T12:10:14.776Z] CLI Version:   15.28.2
[debug] [2026-09-02T12:10:14.777Z] Platform:      win32
[debug] [2026-09-02T12:10:14.777Z] Node Version:  v25.6.0
[debug] [2026-09-02T12:10:14.777Z] Detected Agent: codex_cli
[debug] [2026-09-02T12:10:14.777Z] Time:          Wed Sep 02 2026 15:10:14 GMT+0300 (Arabian Standard Time)
[debug] [2026-09-02T12:10:14.778Z] ----------------------------------------------------------------------
[debug] 
[debug] [2026-09-02T12:10:17.115Z] > command requires scopes: ["email","openid","https://www.googleapis.com/auth/cloudplatformprojects.readonly","https://www.googleapis.com/auth/firebase","https://www.googleapis.com/auth/cloud-platform"]
[debug] [2026-09-02T12:10:17.116Z] > authorizing via signed-in user (mohmad3mmar017@gmail.com)
[debug] [2026-09-02T12:10:17.116Z] [iam] checking project astoo-9b922 for permissions ["datastore.indexes.create","datastore.indexes.delete","datastore.indexes.list","datastore.indexes.update","firebase.projects.get","firebasehosting.sites.update"]
[debug] [2026-09-02T12:10:17.133Z] Checked if tokens are valid: true, expires at: 1788353985707
[debug] [2026-09-02T12:10:17.133Z] Checked if tokens are valid: true, expires at: 1788353985707
[debug] [2026-09-02T12:10:17.134Z] >>> [apiv2][query] POST https://cloudresourcemanager.googleapis.com/v1/projects/astoo-9b922:testIamPermissions [none]
[debug] [2026-09-02T12:10:17.135Z] >>> [apiv2][(partial)header] POST https://cloudresourcemanager.googleapis.com/v1/projects/astoo-9b922:testIamPermissions  x-goog-user-project=astoo-9b922
[debug] [2026-09-02T12:10:17.135Z] >>> [apiv2][body] POST https://cloudresourcemanager.googleapis.com/v1/projects/astoo-9b922:testIamPermissions {"permissions":["datastore.indexes.create","datastore.indexes.delete","datastore.indexes.list","datastore.indexes.update","firebase.projects.get","firebasehosting.sites.update"]}
[debug] [2026-09-02T12:10:17.836Z] <<< [apiv2][status] POST https://cloudresourcemanager.googleapis.com/v1/projects/astoo-9b922:testIamPermissions 200
[debug] [2026-09-02T12:10:17.837Z] <<< [apiv2][body] POST https://cloudresourcemanager.googleapis.com/v1/projects/astoo-9b922:testIamPermissions {"permissions":["datastore.indexes.create","datastore.indexes.delete","datastore.indexes.list","datastore.indexes.update","firebase.projects.get","firebasehosting.sites.update"]}
[debug] [2026-09-02T12:10:17.837Z] Checked if tokens are valid: true, expires at: 1788353985707
[debug] [2026-09-02T12:10:17.838Z] Checked if tokens are valid: true, expires at: 1788353985707
[debug] [2026-09-02T12:10:17.838Z] >>> [apiv2][query] GET https://firebase.googleapis.com/v1beta1/projects/astoo-9b922 [none]
[debug] [2026-09-02T12:10:18.475Z] <<< [apiv2][status] GET https://firebase.googleapis.com/v1beta1/projects/astoo-9b922 200
[debug] [2026-09-02T12:10:18.475Z] <<< [apiv2][body] GET https://firebase.googleapis.com/v1beta1/projects/astoo-9b922 {"projectId":"astoo-9b922","projectNumber":"69884974576","displayName":"astool","name":"projects/astoo-9b922","resources":{"hostingSite":"astoo-9b922"},"state":"ACTIVE","labels":{"firebase":"enabled"},"etag":"1_7a610521-bb79-4c79-85f5-7f13e43c5bd9"}
[info] 
[info] === Deploying to 'astoo-9b922'...
[info] 
[info] i  deploying firestore, hosting 
[info] i  firestore: ensuring required API firestore.googleapis.com is enabled... 
[info] i  firestore: ensuring required API firestore.googleapis.com is enabled... 
[debug] [2026-09-02T12:10:18.481Z] Checked if tokens are valid: true, expires at: 1788353985707
[debug] [2026-09-02T12:10:18.482Z] Checked if tokens are valid: true, expires at: 1788353985707
[debug] [2026-09-02T12:10:18.482Z] >>> [apiv2][query] GET https://firestore.googleapis.com/v1/projects/astoo-9b922/databases/(default) [none]
[debug] [2026-09-02T12:10:20.041Z] <<< [apiv2][status] GET https://firestore.googleapis.com/v1/projects/astoo-9b922/databases/(default) 200
[debug] [2026-09-02T12:10:20.041Z] <<< [apiv2][body] GET https://firestore.googleapis.com/v1/projects/astoo-9b922/databases/(default) {"name":"projects/astoo-9b922/databases/(default)","uid":"75a4197d-4b07-4e73-9c2c-90d6a1316200","createTime":"2026-09-02T12:00:56.704389Z","updateTime":"2026-09-02T12:00:56.704389Z","locationId":"nam5","type":"FIRESTORE_NATIVE","concurrencyMode":"PESSIMISTIC","versionRetentionPeriod":"3600s","earliestVersionTime":"2026-09-02T12:00:56.704389Z","appEngineIntegrationMode":"DISABLED","keyPrefix":"s","pointInTimeRecoveryEnablement":"POINT_IN_TIME_RECOVERY_DISABLED","deleteProtectionState":"DELETE_PROTECTION_DISABLED","databaseEdition":"STANDARD","freeTier":true,"realtimeUpdatesMode":"REALTIME_UPDATES_MODE_ENABLED","enhancedTextSearchQueryMode":"ENHANCED_QUERY_MODE_ENABLED","etag":"IMG4o9nuz5YDMJGvkNPsz5YD"}
[info] i  firestore: reading indexes from firestore.indexes.json... 
[info] i  cloud.firestore: checking firestore.rules for compilation errors... 
[debug] [2026-09-02T12:10:20.043Z] Checked if tokens are valid: true, expires at: 1788353985707
[debug] [2026-09-02T12:10:20.043Z] Checked if tokens are valid: true, expires at: 1788353985707
[debug] [2026-09-02T12:10:20.043Z] >>> [apiv2][query] POST https://firebaserules.googleapis.com/v1/projects/astoo-9b922:test [none]
[debug] [2026-09-02T12:10:20.043Z] >>> [apiv2][body] POST https://firebaserules.googleapis.com/v1/projects/astoo-9b922:test [omitted]
[debug] [2026-09-02T12:10:21.161Z] <<< [apiv2][status] POST https://firebaserules.googleapis.com/v1/projects/astoo-9b922:test 200
[debug] [2026-09-02T12:10:21.161Z] <<< [apiv2][body] POST https://firebaserules.googleapis.com/v1/projects/astoo-9b922:test {}
[info] +  cloud.firestore: rules file firestore.rules compiled successfully 
[debug] [2026-09-02T12:10:21.163Z] Checked if tokens are valid: true, expires at: 1788353985707
[debug] [2026-09-02T12:10:21.163Z] Checked if tokens are valid: true, expires at: 1788353985707
[debug] [2026-09-02T12:10:21.163Z] >>> [apiv2][query] GET https://firebasehosting.googleapis.com/v1beta1/projects/astoo-9b922/sites/astoo-9b922 [none]
[debug] [2026-09-02T12:10:22.628Z] <<< [apiv2][status] GET https://firebasehosting.googleapis.com/v1beta1/projects/astoo-9b922/sites/astoo-9b922 200
[debug] [2026-09-02T12:10:22.628Z] <<< [apiv2][body] GET https://firebasehosting.googleapis.com/v1beta1/projects/astoo-9b922/sites/astoo-9b922 {"name":"projects/astoo-9b922/sites/astoo-9b922","defaultUrl":"https://astoo-9b922.web.app","type":"DEFAULT_SITE"}
[debug] [2026-09-02T12:10:22.631Z] Checked if tokens are valid: true, expires at: 1788353985707
[debug] [2026-09-02T12:10:22.632Z] Checked if tokens are valid: true, expires at: 1788353985707
[debug] [2026-09-02T12:10:22.633Z] >>> [apiv2][query] POST https://firebasehosting.googleapis.com/v1beta1/projects/-/sites/astoo-9b922/versions [none]
[debug] [2026-09-02T12:10:22.633Z] >>> [apiv2][body] POST https://firebasehosting.googleapis.com/v1beta1/projects/-/sites/astoo-9b922/versions {"status":"CREATED","labels":{"deployment-tool":"cli-firebase"}}
[debug] [2026-09-02T12:10:24.352Z] <<< [apiv2][status] POST https://firebasehosting.googleapis.com/v1beta1/projects/-/sites/astoo-9b922/versions 200
[debug] [2026-09-02T12:10:24.352Z] <<< [apiv2][body] POST https://firebasehosting.googleapis.com/v1beta1/projects/-/sites/astoo-9b922/versions {"name":"projects/69884974576/sites/astoo-9b922/versions/e8ecf0a6d81c495e","status":"CREATED","config":{},"labels":{"deployment-tool":"cli-firebase"}}
[debug] [2026-09-02T12:10:24.353Z] Checked if tokens are valid: true, expires at: 1788353985707
[debug] [2026-09-02T12:10:24.354Z] Checked if tokens are valid: true, expires at: 1788353985707
[debug] [2026-09-02T12:10:24.354Z] >>> [apiv2][query] GET https://firebaserules.googleapis.com/v1/projects/astoo-9b922/releases pageSize=10&pageToken=
[debug] [2026-09-02T12:10:25.226Z] <<< [apiv2][status] GET https://firebaserules.googleapis.com/v1/projects/astoo-9b922/releases 200
[debug] [2026-09-02T12:10:25.226Z] <<< [apiv2][body] GET https://firebaserules.googleapis.com/v1/projects/astoo-9b922/releases {"releases":[{"name":"projects/astoo-9b922/releases/cloud.firestore","rulesetName":"projects/astoo-9b922/rulesets/64dd7e2d-edbc-4fd4-a981-27360847c7c0","createTime":"2026-09-02T12:01:14.945159Z","updateTime":"2026-09-02T12:01:14.945159Z"}]}
[debug] [2026-09-02T12:10:25.226Z] Checked if tokens are valid: true, expires at: 1788353985707
[debug] [2026-09-02T12:10:25.227Z] Checked if tokens are valid: true, expires at: 1788353985707
[debug] [2026-09-02T12:10:25.227Z] >>> [apiv2][query] GET https://firebaserules.googleapis.com/v1/projects/astoo-9b922/rulesets/64dd7e2d-edbc-4fd4-a981-27360847c7c0 [none]
[debug] [2026-09-02T12:10:25.635Z] <<< [apiv2][status] GET https://firebaserules.googleapis.com/v1/projects/astoo-9b922/rulesets/64dd7e2d-edbc-4fd4-a981-27360847c7c0 200
[debug] [2026-09-02T12:10:25.635Z] <<< [apiv2][body] GET https://firebaserules.googleapis.com/v1/projects/astoo-9b922/rulesets/64dd7e2d-edbc-4fd4-a981-27360847c7c0 [omitted]
[info] i  firestore: uploading rules firestore.rules... 
[debug] [2026-09-02T12:10:25.636Z] Checked if tokens are valid: true, expires at: 1788353985707
[debug] [2026-09-02T12:10:25.637Z] Checked if tokens are valid: true, expires at: 1788353985707
[debug] [2026-09-02T12:10:25.637Z] >>> [apiv2][query] POST https://firebaserules.googleapis.com/v1/projects/astoo-9b922/rulesets [none]
[debug] [2026-09-02T12:10:25.637Z] >>> [apiv2][body] POST https://firebaserules.googleapis.com/v1/projects/astoo-9b922/rulesets [omitted]
[debug] [2026-09-02T12:10:26.534Z] <<< [apiv2][status] POST https://firebaserules.googleapis.com/v1/projects/astoo-9b922/rulesets 200
[debug] [2026-09-02T12:10:26.534Z] <<< [apiv2][body] POST https://firebaserules.googleapis.com/v1/projects/astoo-9b922/rulesets {"name":"projects/astoo-9b922/rulesets/22b4ea5e-2dcd-4a51-b885-71c38c8780fe","source":{"files":[{"content":"rules_version = '2';\n\nservice cloud.firestore {\n  match /databases/{database}/documents {\n    match /{document=**} {\n      allow read, write: if true;\n    }\n  }\n}\n","name":"firestore.rules"}]},"createTime":"2026-09-02T12:10:24.445247Z","metadata":{"services":["cloud.firestore"]}}
[debug] [2026-09-02T12:10:26.534Z] [rules] created ruleset projects/astoo-9b922/rulesets/22b4ea5e-2dcd-4a51-b885-71c38c8780fe
[info] i  hosting[astoo-9b922]: beginning deploy... 
[info] i  hosting[astoo-9b922]: found 3 files in dist 
[debug] [2026-09-02T12:10:26.549Z] [hosting] uploading with 200 concurrency
[debug] [2026-09-02T12:10:26.613Z] Checked if tokens are valid: true, expires at: 1788353985707
[debug] [2026-09-02T12:10:26.613Z] Checked if tokens are valid: true, expires at: 1788353985707
[debug] [2026-09-02T12:10:26.615Z] [hosting] hash cache [ZGlzdA] stored for 3 files
[debug] [2026-09-02T12:10:26.615Z] [hosting][hash queue][FINAL] {"max":59,"min":4,"avg":22.666666666666668,"active":0,"complete":3,"success":3,"errored":0,"retried":0,"total":3,"elapsed":64}
[debug] [2026-09-02T12:10:26.615Z] >>> [apiv2][query] POST https://firebasehosting.googleapis.com/v1beta1/projects/69884974576/sites/astoo-9b922/versions/e8ecf0a6d81c495e:populateFiles [none]
[debug] [2026-09-02T12:10:26.616Z] >>> [apiv2][body] POST https://firebasehosting.googleapis.com/v1beta1/projects/69884974576/sites/astoo-9b922/versions/e8ecf0a6d81c495e:populateFiles {"files":{"/index.html":"2931975395fb69e882ae3eec66e9dfeefd89d4be04fdcc85693b8f28fbeab342","/assets/index-CkjMJjPM.css":"b9fafc1418716c91e86222c9b4577b180c7693c63bfee54cc2771e4652c4837d","/assets/index-DEOec4zm.js":"54ba3d790290312890fc78cee41240f1a9cbe7c731a04c090296562deb279aba"}}
[debug] [2026-09-02T12:10:27.463Z] <<< [apiv2][status] POST https://firebasehosting.googleapis.com/v1beta1/projects/69884974576/sites/astoo-9b922/versions/e8ecf0a6d81c495e:populateFiles 200
[debug] [2026-09-02T12:10:27.464Z] <<< [apiv2][body] POST https://firebasehosting.googleapis.com/v1beta1/projects/69884974576/sites/astoo-9b922/versions/e8ecf0a6d81c495e:populateFiles {"uploadRequiredHashes":["54ba3d790290312890fc78cee41240f1a9cbe7c731a04c090296562deb279aba","2931975395fb69e882ae3eec66e9dfeefd89d4be04fdcc85693b8f28fbeab342","b9fafc1418716c91e86222c9b4577b180c7693c63bfee54cc2771e4652c4837d"],"uploadUrl":"https://upload-firebasehosting.googleapis.com/upload/sites/astoo-9b922/versions/e8ecf0a6d81c495e/files"}
[debug] [2026-09-02T12:10:27.464Z] Checked if tokens are valid: true, expires at: 1788353985707
[debug] [2026-09-02T12:10:27.464Z] Checked if tokens are valid: true, expires at: 1788353985707
[debug] [2026-09-02T12:10:27.465Z] Checked if tokens are valid: true, expires at: 1788353985707
[debug] [2026-09-02T12:10:27.465Z] Checked if tokens are valid: true, expires at: 1788353985707
[debug] [2026-09-02T12:10:27.465Z] Checked if tokens are valid: true, expires at: 1788353985707
[debug] [2026-09-02T12:10:27.465Z] Checked if tokens are valid: true, expires at: 1788353985707
[debug] [2026-09-02T12:10:27.465Z] >>> [apiv2][query] POST https://upload-firebasehosting.googleapis.com/upload/sites/astoo-9b922/versions/e8ecf0a6d81c495e/files/54ba3d790290312890fc78cee41240f1a9cbe7c731a04c090296562deb279aba [none]
[debug] [2026-09-02T12:10:27.465Z] >>> [apiv2][body] POST https://upload-firebasehosting.googleapis.com/upload/sites/astoo-9b922/versions/e8ecf0a6d81c495e/files/54ba3d790290312890fc78cee41240f1a9cbe7c731a04c090296562deb279aba [stream]
[debug] [2026-09-02T12:10:27.467Z] >>> [apiv2][query] POST https://upload-firebasehosting.googleapis.com/upload/sites/astoo-9b922/versions/e8ecf0a6d81c495e/files/2931975395fb69e882ae3eec66e9dfeefd89d4be04fdcc85693b8f28fbeab342 [none]
[debug] [2026-09-02T12:10:27.467Z] >>> [apiv2][body] POST https://upload-firebasehosting.googleapis.com/upload/sites/astoo-9b922/versions/e8ecf0a6d81c495e/files/2931975395fb69e882ae3eec66e9dfeefd89d4be04fdcc85693b8f28fbeab342 [stream]
[debug] [2026-09-02T12:10:27.467Z] >>> [apiv2][query] POST https://upload-firebasehosting.googleapis.com/upload/sites/astoo-9b922/versions/e8ecf0a6d81c495e/files/b9fafc1418716c91e86222c9b4577b180c7693c63bfee54cc2771e4652c4837d [none]
[debug] [2026-09-02T12:10:27.468Z] >>> [apiv2][body] POST https://upload-firebasehosting.googleapis.com/upload/sites/astoo-9b922/versions/e8ecf0a6d81c495e/files/b9fafc1418716c91e86222c9b4577b180c7693c63bfee54cc2771e4652c4837d [stream]
[debug] [2026-09-02T12:10:27.471Z] [hosting][populate queue][FINAL] {"max":853,"min":853,"avg":853,"active":0,"complete":1,"success":1,"errored":0,"retried":0,"total":1,"elapsed":859}
[debug] [2026-09-02T12:10:27.471Z] [hosting] uploads queued: 3
[info] i  hosting: uploading new files [0/3] (0%) 
[debug] [2026-09-02T12:10:28.781Z] <<< [apiv2][status] POST https://upload-firebasehosting.googleapis.com/upload/sites/astoo-9b922/versions/e8ecf0a6d81c495e/files/2931975395fb69e882ae3eec66e9dfeefd89d4be04fdcc85693b8f28fbeab342 200
[debug] [2026-09-02T12:10:28.782Z] <<< [apiv2][body] POST https://upload-firebasehosting.googleapis.com/upload/sites/astoo-9b922/versions/e8ecf0a6d81c495e/files/2931975395fb69e882ae3eec66e9dfeefd89d4be04fdcc85693b8f28fbeab342 [stream]
[debug] [2026-09-02T12:10:28.912Z] <<< [apiv2][status] POST https://upload-firebasehosting.googleapis.com/upload/sites/astoo-9b922/versions/e8ecf0a6d81c495e/files/b9fafc1418716c91e86222c9b4577b180c7693c63bfee54cc2771e4652c4837d 200
[debug] [2026-09-02T12:10:28.912Z] <<< [apiv2][body] POST https://upload-firebasehosting.googleapis.com/upload/sites/astoo-9b922/versions/e8ecf0a6d81c495e/files/b9fafc1418716c91e86222c9b4577b180c7693c63bfee54cc2771e4652c4837d [stream]
[debug] [2026-09-02T12:10:29.902Z] <<< [apiv2][status] POST https://upload-firebasehosting.googleapis.com/upload/sites/astoo-9b922/versions/e8ecf0a6d81c495e/files/54ba3d790290312890fc78cee41240f1a9cbe7c731a04c090296562deb279aba 200
[debug] [2026-09-02T12:10:29.902Z] <<< [apiv2][body] POST https://upload-firebasehosting.googleapis.com/upload/sites/astoo-9b922/versions/e8ecf0a6d81c495e/files/54ba3d790290312890fc78cee41240f1a9cbe7c731a04c090296562deb279aba [stream]
[debug] [2026-09-02T12:10:29.902Z] [hosting][upload queue][FINAL] {"max":2438,"min":1318,"avg":1734.3333333333333,"active":0,"complete":3,"success":3,"errored":0,"retried":0,"total":3,"elapsed":2438}
[info] i  hosting: upload complete 
[info] +  hosting[astoo-9b922]: file upload complete 
[debug] [2026-09-02T12:10:29.902Z] [hosting] deploy completed after 3365ms
[debug] [2026-09-02T12:10:29.903Z] [rules] releasing cloud.firestore with ruleset projects/astoo-9b922/rulesets/22b4ea5e-2dcd-4a51-b885-71c38c8780fe
[debug] [2026-09-02T12:10:29.903Z] Checked if tokens are valid: true, expires at: 1788353985707
[debug] [2026-09-02T12:10:29.903Z] Checked if tokens are valid: true, expires at: 1788353985707
[debug] [2026-09-02T12:10:29.904Z] >>> [apiv2][query] PATCH https://firebaserules.googleapis.com/v1/projects/astoo-9b922/releases/cloud.firestore [none]
[debug] [2026-09-02T12:10:29.904Z] >>> [apiv2][body] PATCH https://firebaserules.googleapis.com/v1/projects/astoo-9b922/releases/cloud.firestore {"release":{"name":"projects/astoo-9b922/releases/cloud.firestore","rulesetName":"projects/astoo-9b922/rulesets/22b4ea5e-2dcd-4a51-b885-71c38c8780fe"}}
[debug] [2026-09-02T12:10:30.837Z] <<< [apiv2][status] PATCH https://firebaserules.googleapis.com/v1/projects/astoo-9b922/releases/cloud.firestore 200
[debug] [2026-09-02T12:10:30.837Z] <<< [apiv2][body] PATCH https://firebaserules.googleapis.com/v1/projects/astoo-9b922/releases/cloud.firestore {"name":"projects/astoo-9b922/releases/cloud.firestore","rulesetName":"projects/astoo-9b922/rulesets/22b4ea5e-2dcd-4a51-b885-71c38c8780fe","createTime":"2026-09-02T12:01:14.945159Z","updateTime":"2026-09-02T12:10:28.742465Z"}
[debug] [2026-09-02T12:10:30.837Z] [rules] updated release projects/astoo-9b922/releases/cloud.firestore
[info] +  firestore: released rules firestore.rules to cloud.firestore 
[debug] [2026-09-02T12:10:30.838Z] [
  {
    "config": {
      "public": "dist",
      "ignore": [
        "firebase.json",
        "**/.*",
        "**/node_modules/**"
      ],
      "rewrites": [
        {
          "source": "**",
          "destination": "/index.html"
        }
      ],
      "site": "astoo-9b922"
    },
    "version": "projects/69884974576/sites/astoo-9b922/versions/e8ecf0a6d81c495e"
  }
]
[info] i  hosting[astoo-9b922]: finalizing version... 
[debug] [2026-09-02T12:10:30.840Z] Checked if tokens are valid: true, expires at: 1788353985707
[debug] [2026-09-02T12:10:30.840Z] Checked if tokens are valid: true, expires at: 1788353985707
[debug] [2026-09-02T12:10:30.840Z] >>> [apiv2][query] PATCH https://firebasehosting.googleapis.com/v1beta1/projects/-/sites/astoo-9b922/versions/e8ecf0a6d81c495e updateMask=status%2Cconfig
[debug] [2026-09-02T12:10:30.840Z] >>> [apiv2][body] PATCH https://firebasehosting.googleapis.com/v1beta1/projects/-/sites/astoo-9b922/versions/e8ecf0a6d81c495e {"status":"FINALIZED","config":{"rewrites":[{"glob":"**","path":"/index.html"}]}}
[debug] [2026-09-02T12:10:32.298Z] <<< [apiv2][status] PATCH https://firebasehosting.googleapis.com/v1beta1/projects/-/sites/astoo-9b922/versions/e8ecf0a6d81c495e 200
[debug] [2026-09-02T12:10:32.298Z] <<< [apiv2][body] PATCH https://firebasehosting.googleapis.com/v1beta1/projects/-/sites/astoo-9b922/versions/e8ecf0a6d81c495e {"name":"projects/69884974576/sites/astoo-9b922/versions/e8ecf0a6d81c495e","status":"FINALIZED","config":{"rewrites":[{"glob":"**","path":"/index.html"}]},"labels":{"deployment-tool":"cli-firebase"},"createTime":"2026-09-02T12:10:21.250485Z","createUser":{"email":"mohmad3mmar017@gmail.com"},"finalizeTime":"2026-09-02T12:10:30.129430Z","finalizeUser":{"email":"mohmad3mmar017@gmail.com"}}
[debug] [2026-09-02T12:10:32.298Z] [hosting] finalized version for astoo-9b922:[object Object]
[info] +  hosting[astoo-9b922]: version finalized 
[info] i  hosting[astoo-9b922]: releasing new version... 
[debug] [2026-09-02T12:10:32.299Z] Checked if tokens are valid: true, expires at: 1788353985707
[debug] [2026-09-02T12:10:32.299Z] Checked if tokens are valid: true, expires at: 1788353985707
[debug] [2026-09-02T12:10:32.299Z] >>> [apiv2][query] POST https://firebasehosting.googleapis.com/v1beta1/projects/-/sites/astoo-9b922/channels/live/releases versionName=projects%2F69884974576%2Fsites%2Fastoo-9b922%2Fversions%2Fe8ecf0a6d81c495e
[debug] [2026-09-02T12:10:32.299Z] >>> [apiv2][body] POST https://firebasehosting.googleapis.com/v1beta1/projects/-/sites/astoo-9b922/channels/live/releases {}
[debug] [2026-09-02T12:10:33.860Z] <<< [apiv2][status] POST https://firebasehosting.googleapis.com/v1beta1/projects/-/sites/astoo-9b922/channels/live/releases 200
[debug] [2026-09-02T12:10:33.860Z] <<< [apiv2][body] POST https://firebasehosting.googleapis.com/v1beta1/projects/-/sites/astoo-9b922/channels/live/releases {"name":"projects/69884974576/sites/astoo-9b922/channels/live/releases/1788351030728000","version":{"name":"projects/69884974576/sites/astoo-9b922/versions/e8ecf0a6d81c495e","status":"FINALIZED","config":{"rewrites":[{"glob":"**","path":"/index.html"}]},"labels":{"deployment-tool":"cli-firebase"},"createTime":"2026-09-02T12:10:21.250485Z","createUser":{"email":"mohmad3mmar017@gmail.com","imageUrl":"https://lh3.googleusercontent.com/a/ACg8ocJe7LRH8_wW2sc61ZZcVZ3mRErFo38Q2IRlVd-76PW91FwHtw=mo"},"finalizeTime":"2026-09-02T12:10:30.129430Z","finalizeUser":{"email":"mohmad3mmar017@gmail.com","imageUrl":"https://lh3.googleusercontent.com/a/ACg8ocJe7LRH8_wW2sc61ZZcVZ3mRErFo38Q2IRlVd-76PW91FwHtw=mo"}},"type":"DEPLOY","releaseTime":"2026-09-02T12:10:30.728Z","releaseUser":{"email":"mohmad3mmar017@gmail.com","imageUrl":"https://lh3.googleusercontent.com/a/ACg8ocJe7LRH8_wW2sc61ZZcVZ3mRErFo38Q2IRlVd-76PW91FwHtw=mo"}}
[debug] [2026-09-02T12:10:33.861Z] [hosting] release: {"name":"projects/69884974576/sites/astoo-9b922/channels/live/releases/1788351030728000","version":{"name":"projects/69884974576/sites/astoo-9b922/versions/e8ecf0a6d81c495e","status":"FINALIZED","config":{"rewrites":[{"glob":"**","path":"/index.html"}]},"labels":{"deployment-tool":"cli-firebase"},"createTime":"2026-09-02T12:10:21.250485Z","createUser":{"email":"mohmad3mmar017@gmail.com","imageUrl":"https://lh3.googleusercontent.com/a/ACg8ocJe7LRH8_wW2sc61ZZcVZ3mRErFo38Q2IRlVd-76PW91FwHtw=mo"},"finalizeTime":"2026-09-02T12:10:30.129430Z","finalizeUser":{"email":"mohmad3mmar017@gmail.com","imageUrl":"https://lh3.googleusercontent.com/a/ACg8ocJe7LRH8_wW2sc61ZZcVZ3mRErFo38Q2IRlVd-76PW91FwHtw=mo"}},"type":"DEPLOY","releaseTime":"2026-09-02T12:10:30.728Z","releaseUser":{"email":"mohmad3mmar017@gmail.com","imageUrl":"https://lh3.googleusercontent.com/a/ACg8ocJe7LRH8_wW2sc61ZZcVZ3mRErFo38Q2IRlVd-76PW91FwHtw=mo"}}
[info] +  hosting[astoo-9b922]: release complete 
[info] 
[info] +  Deploy complete! 
[info] 
[info] Project Console: https://console.firebase.google.com/project/astoo-9b922/overview
[info] Hosting URL: https://astoo-9b922.web.app
[debug] [2026-09-02T12:16:39.470Z] ----------------------------------------------------------------------
[debug] [2026-09-02T12:16:39.476Z] Command:       C:\Program Files\nodejs\node.exe C:\Users\mohlb\Downloads\نظام-إدارة-أسطول-السيارات (4)\node_modules\firebase-tools\lib\bin\firebase.js apps:list WEB --project astoo-9b922
[debug] [2026-09-02T12:16:39.481Z] CLI Version:   15.28.2
[debug] [2026-09-02T12:16:39.481Z] Platform:      win32
[debug] [2026-09-02T12:16:39.482Z] Node Version:  v25.6.0
[debug] [2026-09-02T12:16:39.482Z] Detected Agent: codex_cli
[debug] [2026-09-02T12:16:39.482Z] Time:          Wed Sep 02 2026 15:16:39 GMT+0300 (Arabian Standard Time)
[debug] [2026-09-02T12:16:39.482Z] ----------------------------------------------------------------------
[debug] 
[debug] [2026-09-02T12:16:39.757Z] > command requires scopes: ["email","openid","https://www.googleapis.com/auth/cloudplatformprojects.readonly","https://www.googleapis.com/auth/firebase","https://www.googleapis.com/auth/cloud-platform"]
[debug] [2026-09-02T12:16:39.758Z] > authorizing via signed-in user (mohmad3mmar017@gmail.com)
[debug] [2026-09-02T12:16:39.776Z] Checked if tokens are valid: true, expires at: 1788353985707
[debug] [2026-09-02T12:16:39.776Z] Checked if tokens are valid: true, expires at: 1788353985707
[debug] [2026-09-02T12:16:39.778Z] >>> [apiv2][query] GET https://firebase.googleapis.com/v1beta1/projects/astoo-9b922/webApps pageSize=100
[debug] [2026-09-02T12:16:40.513Z] <<< [apiv2][status] GET https://firebase.googleapis.com/v1beta1/projects/astoo-9b922/webApps 200
[debug] [2026-09-02T12:16:40.513Z] <<< [apiv2][body] GET https://firebase.googleapis.com/v1beta1/projects/astoo-9b922/webApps {"apps":[{"name":"projects/astoo-9b922/webApps/1:69884974576:web:a1ccd3ba80db3ff3dd3935","appId":"1:69884974576:web:a1ccd3ba80db3ff3dd3935","displayName":"astool","projectId":"astoo-9b922","webId":"NjgyNWQyOGUtY2NmMi00OGVhLTgxZGMtZmRhNDU4MjJhMmVk","apiKeyId":"bcb06143-157a-464d-a680-a6db2db92f84","state":"ACTIVE","expireTime":"1970-01-01T00:00:00Z","etag":"1_bc277032-b198-4758-a049-344316c5f0cb"}]}
[info] ┌──────────────────┬──────────────────────────────────────────┬──────────┐
│ App Display Name │ App ID                                   │ Platform │
├──────────────────┼──────────────────────────────────────────┼──────────┤
│ astool           │ 1:69884974576:web:a1ccd3ba80db3ff3dd3935 │ WEB      │
└──────────────────┴──────────────────────────────────────────┴──────────┘
[info] 
[info] 1 app(s) total.
[debug] [2026-09-02T12:16:48.211Z] ----------------------------------------------------------------------
[debug] [2026-09-02T12:16:48.217Z] Command:       C:\Program Files\nodejs\node.exe C:\Users\mohlb\Downloads\نظام-إدارة-أسطول-السيارات (4)\node_modules\firebase-tools\lib\bin\firebase.js apps:sdkconfig WEB 1:69884974576:web:a1ccd3ba80db3ff3dd3935 --project astoo-9b922
[debug] [2026-09-02T12:16:48.218Z] CLI Version:   15.28.2
[debug] [2026-09-02T12:16:48.218Z] Platform:      win32
[debug] [2026-09-02T12:16:48.218Z] Node Version:  v25.6.0
[debug] [2026-09-02T12:16:48.218Z] Detected Agent: codex_cli
[debug] [2026-09-02T12:16:48.219Z] Time:          Wed Sep 02 2026 15:16:48 GMT+0300 (Arabian Standard Time)
[debug] [2026-09-02T12:16:48.219Z] ----------------------------------------------------------------------
[debug] 
[debug] [2026-09-02T12:16:48.479Z] > command requires scopes: ["email","openid","https://www.googleapis.com/auth/cloudplatformprojects.readonly","https://www.googleapis.com/auth/firebase","https://www.googleapis.com/auth/cloud-platform"]
[debug] [2026-09-02T12:16:48.480Z] > authorizing via signed-in user (mohmad3mmar017@gmail.com)
[debug] [2026-09-02T12:16:48.497Z] Checked if tokens are valid: true, expires at: 1788353985707
[debug] [2026-09-02T12:16:48.498Z] Checked if tokens are valid: true, expires at: 1788353985707
[debug] [2026-09-02T12:16:48.499Z] >>> [apiv2][query] GET https://firebase.googleapis.com/v1beta1/projects/-/webApps/1:69884974576:web:a1ccd3ba80db3ff3dd3935/config [none]
[debug] [2026-09-02T12:16:49.500Z] <<< [apiv2][status] GET https://firebase.googleapis.com/v1beta1/projects/-/webApps/1:69884974576:web:a1ccd3ba80db3ff3dd3935/config 200
[debug] [2026-09-02T12:16:49.501Z] <<< [apiv2][body] GET https://firebase.googleapis.com/v1beta1/projects/-/webApps/1:69884974576:web:a1ccd3ba80db3ff3dd3935/config {"projectId":"astoo-9b922","appId":"1:69884974576:web:a1ccd3ba80db3ff3dd3935","storageBucket":"astoo-9b922.firebasestorage.app","apiKey":"AIzaSyCxSiKF4QnsmI-xV4lKxUPEpvF_GsRKhKY","authDomain":"astoo-9b922.firebaseapp.com","messagingSenderId":"69884974576","measurementId":"G-8SBCEPRC2N","projectNumber":"69884974576","version":"2"}
[info] {
  "projectId": "astoo-9b922",
  "appId": "1:69884974576:web:a1ccd3ba80db3ff3dd3935",
  "storageBucket": "astoo-9b922.firebasestorage.app",
  "apiKey": "AIzaSyCxSiKF4QnsmI-xV4lKxUPEpvF_GsRKhKY",
  "authDomain": "astoo-9b922.firebaseapp.com",
  "messagingSenderId": "69884974576",
  "measurementId": "G-8SBCEPRC2N",
  "projectNumber": "69884974576",
  "version": "2"
}
[debug] [2026-09-02T12:17:44.991Z] ----------------------------------------------------------------------
[debug] [2026-09-02T12:17:44.998Z] Command:       C:\Program Files\nodejs\node.exe C:\Users\mohlb\Downloads\نظام-إدارة-أسطول-السيارات (4)\node_modules\firebase-tools\lib\bin\firebase.js deploy --only auth --project astoo-9b922
[debug] [2026-09-02T12:17:44.999Z] CLI Version:   15.28.2
[debug] [2026-09-02T12:17:44.999Z] Platform:      win32
[debug] [2026-09-02T12:17:44.999Z] Node Version:  v25.6.0
[debug] [2026-09-02T12:17:45.000Z] Detected Agent: codex_cli
[debug] [2026-09-02T12:17:45.000Z] Time:          Wed Sep 02 2026 15:17:45 GMT+0300 (Arabian Standard Time)
[debug] [2026-09-02T12:17:45.000Z] ----------------------------------------------------------------------
[debug] 
[debug] [2026-09-02T12:17:47.421Z] > command requires scopes: ["email","openid","https://www.googleapis.com/auth/cloudplatformprojects.readonly","https://www.googleapis.com/auth/firebase","https://www.googleapis.com/auth/cloud-platform"]
[debug] [2026-09-02T12:17:47.422Z] > authorizing via signed-in user (mohmad3mmar017@gmail.com)
[debug] [2026-09-02T12:17:47.422Z] [iam] checking project astoo-9b922 for permissions ["firebase.projects.get","firebase.projects.update","firebaseauth.configs.update"]
[debug] [2026-09-02T12:17:47.440Z] Checked if tokens are valid: true, expires at: 1788353985707
[debug] [2026-09-02T12:17:47.440Z] Checked if tokens are valid: true, expires at: 1788353985707
[debug] [2026-09-02T12:17:47.441Z] >>> [apiv2][query] POST https://cloudresourcemanager.googleapis.com/v1/projects/astoo-9b922:testIamPermissions [none]
[debug] [2026-09-02T12:17:47.442Z] >>> [apiv2][(partial)header] POST https://cloudresourcemanager.googleapis.com/v1/projects/astoo-9b922:testIamPermissions  x-goog-user-project=astoo-9b922
[debug] [2026-09-02T12:17:47.442Z] >>> [apiv2][body] POST https://cloudresourcemanager.googleapis.com/v1/projects/astoo-9b922:testIamPermissions {"permissions":["firebase.projects.get","firebase.projects.update","firebaseauth.configs.update"]}
[debug] [2026-09-02T12:17:48.197Z] <<< [apiv2][status] POST https://cloudresourcemanager.googleapis.com/v1/projects/astoo-9b922:testIamPermissions 200
[debug] [2026-09-02T12:17:48.197Z] <<< [apiv2][body] POST https://cloudresourcemanager.googleapis.com/v1/projects/astoo-9b922:testIamPermissions {"permissions":["firebase.projects.get","firebase.projects.update","firebaseauth.configs.update"]}
[info] 
[info] === Deploying to 'astoo-9b922'...
[info] 
[info] i  deploying auth 
[debug] [2026-09-02T12:17:48.200Z] Checked if tokens are valid: true, expires at: 1788353985707
[debug] [2026-09-02T12:17:48.200Z] Checked if tokens are valid: true, expires at: 1788353985707
[debug] [2026-09-02T12:17:48.200Z] >>> [apiv2][query] GET https://firebase.googleapis.com/v1beta1/projects/astoo-9b922/webApps pageSize=100
[debug] [2026-09-02T12:17:48.971Z] <<< [apiv2][status] GET https://firebase.googleapis.com/v1beta1/projects/astoo-9b922/webApps 200
[debug] [2026-09-02T12:17:48.971Z] <<< [apiv2][body] GET https://firebase.googleapis.com/v1beta1/projects/astoo-9b922/webApps {"apps":[{"name":"projects/astoo-9b922/webApps/1:69884974576:web:a1ccd3ba80db3ff3dd3935","appId":"1:69884974576:web:a1ccd3ba80db3ff3dd3935","displayName":"astool","projectId":"astoo-9b922","webId":"NjgyNWQyOGUtY2NmMi00OGVhLTgxZGMtZmRhNDU4MjJhMmVk","apiKeyId":"bcb06143-157a-464d-a680-a6db2db92f84","state":"ACTIVE","expireTime":"1970-01-01T00:00:00Z","etag":"1_bc277032-b198-4758-a049-344316c5f0cb"}]}
[info] Enabling auth providers: email/password...
[debug] [2026-09-02T12:17:48.972Z] [provision] Starting Firebase app provisioning...
[debug] [2026-09-02T12:17:48.972Z] [provision] Request: {
  "appNamespace": "1:69884974576:web:a1ccd3ba80db3ff3dd3935",
  "parent": "projects/astoo-9b922",
  "firebaseAuthInput": {
    "emailAuthProviderMode": "PROVIDER_ENABLED"
  },
  "webInput": {}
}
[debug] [2026-09-02T12:17:48.972Z] Checked if tokens are valid: true, expires at: 1788353985707
[debug] [2026-09-02T12:17:48.973Z] Checked if tokens are valid: true, expires at: 1788353985707
[debug] [2026-09-02T12:17:48.973Z] >>> [apiv2][query] POST https://firebase.googleapis.com/v1alpha/firebase:provisionFirebaseApp [none]
[debug] [2026-09-02T12:17:48.973Z] >>> [apiv2][body] POST https://firebase.googleapis.com/v1alpha/firebase:provisionFirebaseApp {"appNamespace":"1:69884974576:web:a1ccd3ba80db3ff3dd3935","parent":"projects/astoo-9b922","firebaseAuthInput":{"emailAuthProviderMode":"PROVIDER_ENABLED"},"webInput":{}}
[debug] [2026-09-02T12:17:50.340Z] <<< [apiv2][status] POST https://firebase.googleapis.com/v1alpha/firebase:provisionFirebaseApp 200
[debug] [2026-09-02T12:17:50.341Z] <<< [apiv2][body] POST https://firebase.googleapis.com/v1alpha/firebase:provisionFirebaseApp {"name":"operations/workflows/ZTY1ZDk4MjYtN2JiYi00ZDAyLTlhYjktODJlZDUyMzlmZTZj"}
[debug] [2026-09-02T12:17:50.341Z] [provision] Operation started: operations/workflows/ZTY1ZDk4MjYtN2JiYi00ZDAyLTlhYjktODJlZDUyMzlmZTZj
[debug] [2026-09-02T12:17:50.341Z] [provision] Polling for operation completion...
[debug] [2026-09-02T12:17:50.342Z] Checked if tokens are valid: true, expires at: 1788353985707
[debug] [2026-09-02T12:17:50.342Z] Checked if tokens are valid: true, expires at: 1788353985707
[debug] [2026-09-02T12:17:50.342Z] >>> [apiv2][query] GET https://firebase.googleapis.com/v1beta1/operations/workflows/ZTY1ZDk4MjYtN2JiYi00ZDAyLTlhYjktODJlZDUyMzlmZTZj [none]
[debug] [2026-09-02T12:17:50.796Z] <<< [apiv2][status] GET https://firebase.googleapis.com/v1beta1/operations/workflows/ZTY1ZDk4MjYtN2JiYi00ZDAyLTlhYjktODJlZDUyMzlmZTZj 200
[debug] [2026-09-02T12:17:50.796Z] <<< [apiv2][body] GET https://firebase.googleapis.com/v1beta1/operations/workflows/ZTY1ZDk4MjYtN2JiYi00ZDAyLTlhYjktODJlZDUyMzlmZTZj {"name":"operations/workflows/ZTY1ZDk4MjYtN2JiYi00ZDAyLTlhYjktODJlZDUyMzlmZTZj"}
[debug] [2026-09-02T12:17:50.999Z] [Provision Firebase App Poller] Retrying task index 0
[debug] [2026-09-02T12:17:50.999Z] Checked if tokens are valid: true, expires at: 1788353985707
[debug] [2026-09-02T12:17:51.000Z] Checked if tokens are valid: true, expires at: 1788353985707
[debug] [2026-09-02T12:17:51.000Z] >>> [apiv2][query] GET https://firebase.googleapis.com/v1beta1/operations/workflows/ZTY1ZDk4MjYtN2JiYi00ZDAyLTlhYjktODJlZDUyMzlmZTZj [none]
[debug] [2026-09-02T12:17:51.487Z] <<< [apiv2][status] GET https://firebase.googleapis.com/v1beta1/operations/workflows/ZTY1ZDk4MjYtN2JiYi00ZDAyLTlhYjktODJlZDUyMzlmZTZj 200
[debug] [2026-09-02T12:17:51.487Z] <<< [apiv2][body] GET https://firebase.googleapis.com/v1beta1/operations/workflows/ZTY1ZDk4MjYtN2JiYi00ZDAyLTlhYjktODJlZDUyMzlmZTZj {"name":"operations/workflows/ZTY1ZDk4MjYtN2JiYi00ZDAyLTlhYjktODJlZDUyMzlmZTZj"}
[debug] [2026-09-02T12:17:51.891Z] [Provision Firebase App Poller] Retrying task index 0
[debug] [2026-09-02T12:17:51.892Z] Checked if tokens are valid: true, expires at: 1788353985707
[debug] [2026-09-02T12:17:51.892Z] Checked if tokens are valid: true, expires at: 1788353985707
[debug] [2026-09-02T12:17:51.892Z] >>> [apiv2][query] GET https://firebase.googleapis.com/v1beta1/operations/workflows/ZTY1ZDk4MjYtN2JiYi00ZDAyLTlhYjktODJlZDUyMzlmZTZj [none]
[debug] [2026-09-02T12:17:52.364Z] <<< [apiv2][status] GET https://firebase.googleapis.com/v1beta1/operations/workflows/ZTY1ZDk4MjYtN2JiYi00ZDAyLTlhYjktODJlZDUyMzlmZTZj 200
[debug] [2026-09-02T12:17:52.365Z] <<< [apiv2][body] GET https://firebase.googleapis.com/v1beta1/operations/workflows/ZTY1ZDk4MjYtN2JiYi00ZDAyLTlhYjktODJlZDUyMzlmZTZj {"name":"operations/workflows/ZTY1ZDk4MjYtN2JiYi00ZDAyLTlhYjktODJlZDUyMzlmZTZj"}
[debug] [2026-09-02T12:17:53.165Z] [Provision Firebase App Poller] Retrying task index 0
[debug] [2026-09-02T12:17:53.166Z] Checked if tokens are valid: true, expires at: 1788353985707
[debug] [2026-09-02T12:17:53.166Z] Checked if tokens are valid: true, expires at: 1788353985707
[debug] [2026-09-02T12:17:53.167Z] >>> [apiv2][query] GET https://firebase.googleapis.com/v1beta1/operations/workflows/ZTY1ZDk4MjYtN2JiYi00ZDAyLTlhYjktODJlZDUyMzlmZTZj [none]
[debug] [2026-09-02T12:17:53.624Z] <<< [apiv2][status] GET https://firebase.googleapis.com/v1beta1/operations/workflows/ZTY1ZDk4MjYtN2JiYi00ZDAyLTlhYjktODJlZDUyMzlmZTZj 200
[debug] [2026-09-02T12:17:53.624Z] <<< [apiv2][body] GET https://firebase.googleapis.com/v1beta1/operations/workflows/ZTY1ZDk4MjYtN2JiYi00ZDAyLTlhYjktODJlZDUyMzlmZTZj {"name":"operations/workflows/ZTY1ZDk4MjYtN2JiYi00ZDAyLTlhYjktODJlZDUyMzlmZTZj"}
[debug] [2026-09-02T12:17:55.224Z] [Provision Firebase App Poller] Retrying task index 0
[debug] [2026-09-02T12:17:55.225Z] Checked if tokens are valid: true, expires at: 1788353985707
[debug] [2026-09-02T12:17:55.225Z] Checked if tokens are valid: true, expires at: 1788353985707
[debug] [2026-09-02T12:17:55.225Z] >>> [apiv2][query] GET https://firebase.googleapis.com/v1beta1/operations/workflows/ZTY1ZDk4MjYtN2JiYi00ZDAyLTlhYjktODJlZDUyMzlmZTZj [none]
[debug] [2026-09-02T12:17:55.709Z] <<< [apiv2][status] GET https://firebase.googleapis.com/v1beta1/operations/workflows/ZTY1ZDk4MjYtN2JiYi00ZDAyLTlhYjktODJlZDUyMzlmZTZj 200
[debug] [2026-09-02T12:17:55.709Z] <<< [apiv2][body] GET https://firebase.googleapis.com/v1beta1/operations/workflows/ZTY1ZDk4MjYtN2JiYi00ZDAyLTlhYjktODJlZDUyMzlmZTZj {"name":"operations/workflows/ZTY1ZDk4MjYtN2JiYi00ZDAyLTlhYjktODJlZDUyMzlmZTZj"}
[debug] [2026-09-02T12:17:58.912Z] [Provision Firebase App Poller] Retrying task index 0
[debug] [2026-09-02T12:17:58.913Z] Checked if tokens are valid: true, expires at: 1788353985707
[debug] [2026-09-02T12:17:58.913Z] Checked if tokens are valid: true, expires at: 1788353985707
[debug] [2026-09-02T12:17:58.913Z] >>> [apiv2][query] GET https://firebase.googleapis.com/v1beta1/operations/workflows/ZTY1ZDk4MjYtN2JiYi00ZDAyLTlhYjktODJlZDUyMzlmZTZj [none]
[debug] [2026-09-02T12:17:59.369Z] <<< [apiv2][status] GET https://firebase.googleapis.com/v1beta1/operations/workflows/ZTY1ZDk4MjYtN2JiYi00ZDAyLTlhYjktODJlZDUyMzlmZTZj 200
[debug] [2026-09-02T12:17:59.370Z] <<< [apiv2][body] GET https://firebase.googleapis.com/v1beta1/operations/workflows/ZTY1ZDk4MjYtN2JiYi00ZDAyLTlhYjktODJlZDUyMzlmZTZj {"name":"operations/workflows/ZTY1ZDk4MjYtN2JiYi00ZDAyLTlhYjktODJlZDUyMzlmZTZj","done":true,"response":{"@type":"type.googleapis.com/google.firebase.service.v1alpha.ProvisionFirebaseAppResponse","configMimeType":"application/json","configData":"ewogICJ2ZXJzaW9uIjogIjIiLAogICJwcm9qZWN0TnVtYmVyIjogIjY5ODg0OTc0NTc2IiwKICAicHJvamVjdElkIjogImFzdG9vLTliOTIyIiwKICAiYXBwSWQiOiAiMTo2OTg4NDk3NDU3Njp3ZWI6YTFjY2QzYmE4MGRiM2ZmM2RkMzkzNSIsCiAgInJlYWx0aW1lRGF0YWJhc2VJbnN0YW5jZVVyaSI6ICIiLAogICJyZWFsdGltZURhdGFiYXNlVXJsIjogIiIsCiAgInN0b3JhZ2VCdWNrZXQiOiAiYXN0b28tOWI5MjIuZmlyZWJhc2VzdG9yYWdlLmFwcCIsCiAgImxvY2F0aW9uSWQiOiAiIiwKICAiYXBpS2V5IjogIkFJemFTeUN4U2lLRjRRbnNtSS14VjRsS3hVUEVwdkZfR3NSS2hLWSIsCiAgImF1dGhEb21haW4iOiAiYXN0b28tOWI5MjIuZmlyZWJhc2VhcHAuY29tIiwKICAibWVzc2FnaW5nU2VuZGVySWQiOiAiNjk4ODQ5NzQ1NzYiLAogICJtZWFzdXJlbWVudElkIjogIkctOFNCQ0VQUkMyTiIsCiAgInJlY2FwdGNoYVNpdGVLZXkiOiAiIgp9","appResource":"projects/astoo-9b922/apps/1:69884974576:web:a1ccd3ba80db3ff3dd3935"}}
[debug] [2026-09-02T12:17:59.370Z] [provision] Firebase app provisioning completed successfully
[info] +  Auth providers enabled: email/password 
[info] 
[info] +  Deploy complete! 
[info] 
[info] Project Console: https://console.firebase.google.com/project/astoo-9b922/overview
[debug] [2026-09-02T12:20:27.017Z] ----------------------------------------------------------------------
[debug] [2026-09-02T12:20:27.024Z] Command:       C:\Program Files\nodejs\node.exe C:\Users\mohlb\Downloads\نظام-إدارة-أسطول-السيارات (4)\node_modules\firebase-tools\lib\bin\firebase.js deploy --only auth,firestore:rules,hosting --project astoo-9b922
[debug] [2026-09-02T12:20:27.024Z] CLI Version:   15.28.2
[debug] [2026-09-02T12:20:27.025Z] Platform:      win32
[debug] [2026-09-02T12:20:27.025Z] Node Version:  v25.6.0
[debug] [2026-09-02T12:20:27.025Z] Detected Agent: codex_cli
[debug] [2026-09-02T12:20:27.025Z] Time:          Wed Sep 02 2026 15:20:27 GMT+0300 (Arabian Standard Time)
[debug] [2026-09-02T12:20:27.026Z] ----------------------------------------------------------------------
[debug] 
[debug] [2026-09-02T12:20:29.418Z] > command requires scopes: ["email","openid","https://www.googleapis.com/auth/cloudplatformprojects.readonly","https://www.googleapis.com/auth/firebase","https://www.googleapis.com/auth/cloud-platform"]
[debug] [2026-09-02T12:20:29.419Z] > authorizing via signed-in user (mohmad3mmar017@gmail.com)
[debug] [2026-09-02T12:20:29.419Z] [iam] checking project astoo-9b922 for permissions ["datastore.indexes.create","datastore.indexes.delete","datastore.indexes.list","datastore.indexes.update","firebase.projects.get","firebase.projects.update","firebaseauth.configs.update","firebasehosting.sites.update"]
[debug] [2026-09-02T12:20:29.436Z] Checked if tokens are valid: true, expires at: 1788353985707
[debug] [2026-09-02T12:20:29.436Z] Checked if tokens are valid: true, expires at: 1788353985707
[debug] [2026-09-02T12:20:29.437Z] >>> [apiv2][query] POST https://cloudresourcemanager.googleapis.com/v1/projects/astoo-9b922:testIamPermissions [none]
[debug] [2026-09-02T12:20:29.438Z] >>> [apiv2][(partial)header] POST https://cloudresourcemanager.googleapis.com/v1/projects/astoo-9b922:testIamPermissions  x-goog-user-project=astoo-9b922
[debug] [2026-09-02T12:20:29.438Z] >>> [apiv2][body] POST https://cloudresourcemanager.googleapis.com/v1/projects/astoo-9b922:testIamPermissions {"permissions":["datastore.indexes.create","datastore.indexes.delete","datastore.indexes.list","datastore.indexes.update","firebase.projects.get","firebase.projects.update","firebaseauth.configs.update","firebasehosting.sites.update"]}
[debug] [2026-09-02T12:20:29.967Z] <<< [apiv2][status] POST https://cloudresourcemanager.googleapis.com/v1/projects/astoo-9b922:testIamPermissions 200
[debug] [2026-09-02T12:20:29.967Z] <<< [apiv2][body] POST https://cloudresourcemanager.googleapis.com/v1/projects/astoo-9b922:testIamPermissions {"permissions":["datastore.indexes.create","datastore.indexes.delete","datastore.indexes.list","datastore.indexes.update","firebase.projects.get","firebase.projects.update","firebaseauth.configs.update","firebasehosting.sites.update"]}
[debug] [2026-09-02T12:20:29.968Z] Checked if tokens are valid: true, expires at: 1788353985707
[debug] [2026-09-02T12:20:29.968Z] Checked if tokens are valid: true, expires at: 1788353985707
[debug] [2026-09-02T12:20:29.968Z] >>> [apiv2][query] GET https://firebase.googleapis.com/v1beta1/projects/astoo-9b922 [none]
[debug] [2026-09-02T12:20:30.551Z] <<< [apiv2][status] GET https://firebase.googleapis.com/v1beta1/projects/astoo-9b922 200
[debug] [2026-09-02T12:20:30.551Z] <<< [apiv2][body] GET https://firebase.googleapis.com/v1beta1/projects/astoo-9b922 {"projectId":"astoo-9b922","projectNumber":"69884974576","displayName":"astool","name":"projects/astoo-9b922","resources":{"hostingSite":"astoo-9b922"},"state":"ACTIVE","labels":{"firebase":"enabled"},"etag":"1_0dfa3305-5778-479a-8471-8a4e7fc26d09"}
[info] 
[info] === Deploying to 'astoo-9b922'...
[info] 
[info] i  deploying firestore, hosting, auth 
[info] i  firestore: ensuring required API firestore.googleapis.com is enabled... 
[info] i  firestore: ensuring required API firestore.googleapis.com is enabled... 
[debug] [2026-09-02T12:20:30.558Z] Checked if tokens are valid: true, expires at: 1788353985707
[debug] [2026-09-02T12:20:30.558Z] Checked if tokens are valid: true, expires at: 1788353985707
[debug] [2026-09-02T12:20:30.558Z] >>> [apiv2][query] GET https://firestore.googleapis.com/v1/projects/astoo-9b922/databases/(default) [none]
[debug] [2026-09-02T12:20:32.019Z] <<< [apiv2][status] GET https://firestore.googleapis.com/v1/projects/astoo-9b922/databases/(default) 200
[debug] [2026-09-02T12:20:32.020Z] <<< [apiv2][body] GET https://firestore.googleapis.com/v1/projects/astoo-9b922/databases/(default) {"name":"projects/astoo-9b922/databases/(default)","uid":"75a4197d-4b07-4e73-9c2c-90d6a1316200","createTime":"2026-09-02T12:00:56.704389Z","updateTime":"2026-09-02T12:00:56.704389Z","locationId":"nam5","type":"FIRESTORE_NATIVE","concurrencyMode":"PESSIMISTIC","versionRetentionPeriod":"3600s","earliestVersionTime":"2026-09-02T12:00:56.704389Z","appEngineIntegrationMode":"DISABLED","keyPrefix":"s","pointInTimeRecoveryEnablement":"POINT_IN_TIME_RECOVERY_DISABLED","deleteProtectionState":"DELETE_PROTECTION_DISABLED","databaseEdition":"STANDARD","freeTier":true,"realtimeUpdatesMode":"REALTIME_UPDATES_MODE_ENABLED","enhancedTextSearchQueryMode":"ENHANCED_QUERY_MODE_ENABLED","etag":"IM/AjP3wz5YDMJGvkNPsz5YD"}
[info] i  firestore: reading indexes from firestore.indexes.json... 
[info] i  cloud.firestore: checking firestore.rules for compilation errors... 
[debug] [2026-09-02T12:20:32.022Z] Checked if tokens are valid: true, expires at: 1788353985707
[debug] [2026-09-02T12:20:32.022Z] Checked if tokens are valid: true, expires at: 1788353985707
[debug] [2026-09-02T12:20:32.022Z] >>> [apiv2][query] POST https://firebaserules.googleapis.com/v1/projects/astoo-9b922:test [none]
[debug] [2026-09-02T12:20:32.022Z] >>> [apiv2][body] POST https://firebaserules.googleapis.com/v1/projects/astoo-9b922:test [omitted]
[debug] [2026-09-02T12:20:33.182Z] <<< [apiv2][status] POST https://firebaserules.googleapis.com/v1/projects/astoo-9b922:test 200
[debug] [2026-09-02T12:20:33.182Z] <<< [apiv2][body] POST https://firebaserules.googleapis.com/v1/projects/astoo-9b922:test {}
[info] +  cloud.firestore: rules file firestore.rules compiled successfully 
[debug] [2026-09-02T12:20:33.183Z] Checked if tokens are valid: true, expires at: 1788353985707
[debug] [2026-09-02T12:20:33.183Z] Checked if tokens are valid: true, expires at: 1788353985707
[debug] [2026-09-02T12:20:33.184Z] >>> [apiv2][query] GET https://firebasehosting.googleapis.com/v1beta1/projects/astoo-9b922/sites/astoo-9b922 [none]
[debug] [2026-09-02T12:20:34.603Z] <<< [apiv2][status] GET https://firebasehosting.googleapis.com/v1beta1/projects/astoo-9b922/sites/astoo-9b922 200
[debug] [2026-09-02T12:20:34.603Z] <<< [apiv2][body] GET https://firebasehosting.googleapis.com/v1beta1/projects/astoo-9b922/sites/astoo-9b922 {"name":"projects/astoo-9b922/sites/astoo-9b922","defaultUrl":"https://astoo-9b922.web.app","type":"DEFAULT_SITE"}
[debug] [2026-09-02T12:20:34.606Z] Checked if tokens are valid: true, expires at: 1788353985707
[debug] [2026-09-02T12:20:34.606Z] Checked if tokens are valid: true, expires at: 1788353985707
[debug] [2026-09-02T12:20:34.607Z] >>> [apiv2][query] POST https://firebasehosting.googleapis.com/v1beta1/projects/-/sites/astoo-9b922/versions [none]
[debug] [2026-09-02T12:20:34.607Z] >>> [apiv2][body] POST https://firebasehosting.googleapis.com/v1beta1/projects/-/sites/astoo-9b922/versions {"status":"CREATED","labels":{"deployment-tool":"cli-firebase"}}
[debug] [2026-09-02T12:20:36.177Z] <<< [apiv2][status] POST https://firebasehosting.googleapis.com/v1beta1/projects/-/sites/astoo-9b922/versions 200
[debug] [2026-09-02T12:20:36.178Z] <<< [apiv2][body] POST https://firebasehosting.googleapis.com/v1beta1/projects/-/sites/astoo-9b922/versions {"name":"projects/69884974576/sites/astoo-9b922/versions/009f29bea08cf39d","status":"CREATED","config":{},"labels":{"deployment-tool":"cli-firebase"}}
[debug] [2026-09-02T12:20:36.178Z] Checked if tokens are valid: true, expires at: 1788353985707
[debug] [2026-09-02T12:20:36.178Z] Checked if tokens are valid: true, expires at: 1788353985707
[debug] [2026-09-02T12:20:36.179Z] >>> [apiv2][query] GET https://firebase.googleapis.com/v1beta1/projects/astoo-9b922/webApps pageSize=100
[debug] [2026-09-02T12:20:37.334Z] <<< [apiv2][status] GET https://firebase.googleapis.com/v1beta1/projects/astoo-9b922/webApps 200
[debug] [2026-09-02T12:20:37.334Z] <<< [apiv2][body] GET https://firebase.googleapis.com/v1beta1/projects/astoo-9b922/webApps {"apps":[{"name":"projects/astoo-9b922/webApps/1:69884974576:web:a1ccd3ba80db3ff3dd3935","appId":"1:69884974576:web:a1ccd3ba80db3ff3dd3935","displayName":"astool","projectId":"astoo-9b922","webId":"NjgyNWQyOGUtY2NmMi00OGVhLTgxZGMtZmRhNDU4MjJhMmVk","apiKeyId":"bcb06143-157a-464d-a680-a6db2db92f84","state":"ACTIVE","expireTime":"1970-01-01T00:00:00Z","etag":"1_bc277032-b198-4758-a049-344316c5f0cb"}]}
[debug] [2026-09-02T12:20:37.335Z] Checked if tokens are valid: true, expires at: 1788353985707
[debug] [2026-09-02T12:20:37.335Z] Checked if tokens are valid: true, expires at: 1788353985707
[debug] [2026-09-02T12:20:37.335Z] >>> [apiv2][query] GET https://firebaserules.googleapis.com/v1/projects/astoo-9b922/releases pageSize=10&pageToken=
[debug] [2026-09-02T12:20:37.887Z] <<< [apiv2][status] GET https://firebaserules.googleapis.com/v1/projects/astoo-9b922/releases 200
[debug] [2026-09-02T12:20:37.888Z] <<< [apiv2][body] GET https://firebaserules.googleapis.com/v1/projects/astoo-9b922/releases {"releases":[{"name":"projects/astoo-9b922/releases/cloud.firestore","rulesetName":"projects/astoo-9b922/rulesets/22b4ea5e-2dcd-4a51-b885-71c38c8780fe","createTime":"2026-09-02T12:01:14.945159Z","updateTime":"2026-09-02T12:10:28.742465Z"}]}
[debug] [2026-09-02T12:20:37.888Z] Checked if tokens are valid: true, expires at: 1788353985707
[debug] [2026-09-02T12:20:37.888Z] Checked if tokens are valid: true, expires at: 1788353985707
[debug] [2026-09-02T12:20:37.888Z] >>> [apiv2][query] GET https://firebaserules.googleapis.com/v1/projects/astoo-9b922/rulesets/22b4ea5e-2dcd-4a51-b885-71c38c8780fe [none]
[debug] [2026-09-02T12:20:38.643Z] <<< [apiv2][status] GET https://firebaserules.googleapis.com/v1/projects/astoo-9b922/rulesets/22b4ea5e-2dcd-4a51-b885-71c38c8780fe 200
[debug] [2026-09-02T12:20:38.643Z] <<< [apiv2][body] GET https://firebaserules.googleapis.com/v1/projects/astoo-9b922/rulesets/22b4ea5e-2dcd-4a51-b885-71c38c8780fe [omitted]
[info] i  firestore: uploading rules firestore.rules... 
[debug] [2026-09-02T12:20:38.645Z] Checked if tokens are valid: true, expires at: 1788353985707
[debug] [2026-09-02T12:20:38.645Z] Checked if tokens are valid: true, expires at: 1788353985707
[debug] [2026-09-02T12:20:38.645Z] >>> [apiv2][query] POST https://firebaserules.googleapis.com/v1/projects/astoo-9b922/rulesets [none]
[debug] [2026-09-02T12:20:38.645Z] >>> [apiv2][body] POST https://firebaserules.googleapis.com/v1/projects/astoo-9b922/rulesets [omitted]
[debug] [2026-09-02T12:20:39.551Z] <<< [apiv2][status] POST https://firebaserules.googleapis.com/v1/projects/astoo-9b922/rulesets 200
[debug] [2026-09-02T12:20:39.551Z] <<< [apiv2][body] POST https://firebaserules.googleapis.com/v1/projects/astoo-9b922/rulesets {"name":"projects/astoo-9b922/rulesets/9dec22b1-5409-4952-aca4-9e86a9c2b647","source":{"files":[{"content":"rules_version = '2';\n\nservice cloud.firestore {\n  match /databases/{database}/documents {\n    match /{document=**} {\n      allow read, write: if request.auth != null;\n    }\n  }\n}\n","name":"firestore.rules"}]},"createTime":"2026-09-02T12:20:37.473775Z","metadata":{"services":["cloud.firestore"]}}
[debug] [2026-09-02T12:20:39.551Z] [rules] created ruleset projects/astoo-9b922/rulesets/9dec22b1-5409-4952-aca4-9e86a9c2b647
[info] i  hosting[astoo-9b922]: beginning deploy... 
[info] i  hosting[astoo-9b922]: found 3 files in dist 
[debug] [2026-09-02T12:20:39.567Z] [hosting] uploading with 200 concurrency
[debug] [2026-09-02T12:20:39.657Z] Checked if tokens are valid: true, expires at: 1788353985707
[debug] [2026-09-02T12:20:39.657Z] Checked if tokens are valid: true, expires at: 1788353985707
[debug] [2026-09-02T12:20:39.659Z] [hosting] hash cache [ZGlzdA] stored for 3 files
[debug] [2026-09-02T12:20:39.660Z] [hosting][hash queue][FINAL] {"max":85,"min":6,"avg":32.666666666666664,"active":0,"complete":3,"success":3,"errored":0,"retried":0,"total":3,"elapsed":91}
[debug] [2026-09-02T12:20:39.660Z] >>> [apiv2][query] POST https://firebasehosting.googleapis.com/v1beta1/projects/69884974576/sites/astoo-9b922/versions/009f29bea08cf39d:populateFiles [none]
[debug] [2026-09-02T12:20:39.660Z] >>> [apiv2][body] POST https://firebasehosting.googleapis.com/v1beta1/projects/69884974576/sites/astoo-9b922/versions/009f29bea08cf39d:populateFiles {"files":{"/index.html":"41a9af9b0b367396d11acea4b268ce18681f0a82e4f638cb3277d01d725c3bbc","/assets/index-DYiKjgmN.css":"6ec11e7f034566485d83051264b4cead7f06bde982db8471a828eb018e82de30","/assets/index-BCnNeEt1.js":"fd43d19e43f817c819afb08d54d5adbd665de4f14d046b680d02d31c0ddb4709"}}
[debug] [2026-09-02T12:20:40.467Z] <<< [apiv2][status] POST https://firebasehosting.googleapis.com/v1beta1/projects/69884974576/sites/astoo-9b922/versions/009f29bea08cf39d:populateFiles 200
[debug] [2026-09-02T12:20:40.467Z] <<< [apiv2][body] POST https://firebasehosting.googleapis.com/v1beta1/projects/69884974576/sites/astoo-9b922/versions/009f29bea08cf39d:populateFiles {"uploadRequiredHashes":["6ec11e7f034566485d83051264b4cead7f06bde982db8471a828eb018e82de30","fd43d19e43f817c819afb08d54d5adbd665de4f14d046b680d02d31c0ddb4709","41a9af9b0b367396d11acea4b268ce18681f0a82e4f638cb3277d01d725c3bbc"],"uploadUrl":"https://upload-firebasehosting.googleapis.com/upload/sites/astoo-9b922/versions/009f29bea08cf39d/files"}
[debug] [2026-09-02T12:20:40.468Z] Checked if tokens are valid: true, expires at: 1788353985707
[debug] [2026-09-02T12:20:40.468Z] Checked if tokens are valid: true, expires at: 1788353985707
[debug] [2026-09-02T12:20:40.468Z] Checked if tokens are valid: true, expires at: 1788353985707
[debug] [2026-09-02T12:20:40.468Z] Checked if tokens are valid: true, expires at: 1788353985707
[debug] [2026-09-02T12:20:40.469Z] Checked if tokens are valid: true, expires at: 1788353985707
[debug] [2026-09-02T12:20:40.469Z] Checked if tokens are valid: true, expires at: 1788353985707
[debug] [2026-09-02T12:20:40.469Z] >>> [apiv2][query] POST https://upload-firebasehosting.googleapis.com/upload/sites/astoo-9b922/versions/009f29bea08cf39d/files/6ec11e7f034566485d83051264b4cead7f06bde982db8471a828eb018e82de30 [none]
[debug] [2026-09-02T12:20:40.469Z] >>> [apiv2][body] POST https://upload-firebasehosting.googleapis.com/upload/sites/astoo-9b922/versions/009f29bea08cf39d/files/6ec11e7f034566485d83051264b4cead7f06bde982db8471a828eb018e82de30 [stream]
[debug] [2026-09-02T12:20:40.470Z] >>> [apiv2][query] POST https://upload-firebasehosting.googleapis.com/upload/sites/astoo-9b922/versions/009f29bea08cf39d/files/fd43d19e43f817c819afb08d54d5adbd665de4f14d046b680d02d31c0ddb4709 [none]
[debug] [2026-09-02T12:20:40.470Z] >>> [apiv2][body] POST https://upload-firebasehosting.googleapis.com/upload/sites/astoo-9b922/versions/009f29bea08cf39d/files/fd43d19e43f817c819afb08d54d5adbd665de4f14d046b680d02d31c0ddb4709 [stream]
[debug] [2026-09-02T12:20:40.471Z] >>> [apiv2][query] POST https://upload-firebasehosting.googleapis.com/upload/sites/astoo-9b922/versions/009f29bea08cf39d/files/41a9af9b0b367396d11acea4b268ce18681f0a82e4f638cb3277d01d725c3bbc [none]
[debug] [2026-09-02T12:20:40.471Z] >>> [apiv2][body] POST https://upload-firebasehosting.googleapis.com/upload/sites/astoo-9b922/versions/009f29bea08cf39d/files/41a9af9b0b367396d11acea4b268ce18681f0a82e4f638cb3277d01d725c3bbc [stream]
[debug] [2026-09-02T12:20:40.475Z] [hosting][populate queue][FINAL] {"max":813,"min":813,"avg":813,"active":0,"complete":1,"success":1,"errored":0,"retried":0,"total":1,"elapsed":819}
[debug] [2026-09-02T12:20:40.475Z] [hosting] uploads queued: 3
[info] i  hosting: uploading new files [0/3] (0%) 
[debug] [2026-09-02T12:20:41.956Z] <<< [apiv2][status] POST https://upload-firebasehosting.googleapis.com/upload/sites/astoo-9b922/versions/009f29bea08cf39d/files/6ec11e7f034566485d83051264b4cead7f06bde982db8471a828eb018e82de30 200
[debug] [2026-09-02T12:20:41.956Z] <<< [apiv2][body] POST https://upload-firebasehosting.googleapis.com/upload/sites/astoo-9b922/versions/009f29bea08cf39d/files/6ec11e7f034566485d83051264b4cead7f06bde982db8471a828eb018e82de30 [stream]
[debug] [2026-09-02T12:20:42.086Z] <<< [apiv2][status] POST https://upload-firebasehosting.googleapis.com/upload/sites/astoo-9b922/versions/009f29bea08cf39d/files/41a9af9b0b367396d11acea4b268ce18681f0a82e4f638cb3277d01d725c3bbc 200
[debug] [2026-09-02T12:20:42.086Z] <<< [apiv2][body] POST https://upload-firebasehosting.googleapis.com/upload/sites/astoo-9b922/versions/009f29bea08cf39d/files/41a9af9b0b367396d11acea4b268ce18681f0a82e4f638cb3277d01d725c3bbc [stream]
[debug] [2026-09-02T12:20:42.862Z] <<< [apiv2][status] POST https://upload-firebasehosting.googleapis.com/upload/sites/astoo-9b922/versions/009f29bea08cf39d/files/fd43d19e43f817c819afb08d54d5adbd665de4f14d046b680d02d31c0ddb4709 200
[debug] [2026-09-02T12:20:42.862Z] <<< [apiv2][body] POST https://upload-firebasehosting.googleapis.com/upload/sites/astoo-9b922/versions/009f29bea08cf39d/files/fd43d19e43f817c819afb08d54d5adbd665de4f14d046b680d02d31c0ddb4709 [stream]
[debug] [2026-09-02T12:20:42.862Z] [hosting][upload queue][FINAL] {"max":2394,"min":1489,"avg":1833.6666666666667,"active":0,"complete":3,"success":3,"errored":0,"retried":0,"total":3,"elapsed":2395}
[info] i  hosting: upload complete 
[info] +  hosting[astoo-9b922]: file upload complete 
[debug] [2026-09-02T12:20:42.863Z] [hosting] deploy completed after 3309ms
[info] Enabling auth providers: email/password...
[debug] [2026-09-02T12:20:42.863Z] [provision] Starting Firebase app provisioning...
[debug] [2026-09-02T12:20:42.864Z] [provision] Request: {
  "appNamespace": "1:69884974576:web:a1ccd3ba80db3ff3dd3935",
  "parent": "projects/astoo-9b922",
  "firebaseAuthInput": {
    "emailAuthProviderMode": "PROVIDER_ENABLED"
  },
  "webInput": {}
}
[debug] [2026-09-02T12:20:42.864Z] Checked if tokens are valid: true, expires at: 1788353985707
[debug] [2026-09-02T12:20:42.864Z] Checked if tokens are valid: true, expires at: 1788353985707
[debug] [2026-09-02T12:20:42.864Z] >>> [apiv2][query] POST https://firebase.googleapis.com/v1alpha/firebase:provisionFirebaseApp [none]
[debug] [2026-09-02T12:20:42.864Z] >>> [apiv2][body] POST https://firebase.googleapis.com/v1alpha/firebase:provisionFirebaseApp {"appNamespace":"1:69884974576:web:a1ccd3ba80db3ff3dd3935","parent":"projects/astoo-9b922","firebaseAuthInput":{"emailAuthProviderMode":"PROVIDER_ENABLED"},"webInput":{}}
[debug] [2026-09-02T12:20:44.355Z] <<< [apiv2][status] POST https://firebase.googleapis.com/v1alpha/firebase:provisionFirebaseApp 200
[debug] [2026-09-02T12:20:44.355Z] <<< [apiv2][body] POST https://firebase.googleapis.com/v1alpha/firebase:provisionFirebaseApp {"name":"operations/workflows/ZTVjZGJhZTUtMjI0OS00ZDQwLTg1NmQtMjhmNzgzYzBiNTE2"}
[debug] [2026-09-02T12:20:44.355Z] [provision] Operation started: operations/workflows/ZTVjZGJhZTUtMjI0OS00ZDQwLTg1NmQtMjhmNzgzYzBiNTE2
[debug] [2026-09-02T12:20:44.355Z] [provision] Polling for operation completion...
[debug] [2026-09-02T12:20:44.356Z] Checked if tokens are valid: true, expires at: 1788353985707
[debug] [2026-09-02T12:20:44.356Z] Checked if tokens are valid: true, expires at: 1788353985707
[debug] [2026-09-02T12:20:44.357Z] >>> [apiv2][query] GET https://firebase.googleapis.com/v1beta1/operations/workflows/ZTVjZGJhZTUtMjI0OS00ZDQwLTg1NmQtMjhmNzgzYzBiNTE2 [none]
[debug] [2026-09-02T12:20:44.809Z] <<< [apiv2][status] GET https://firebase.googleapis.com/v1beta1/operations/workflows/ZTVjZGJhZTUtMjI0OS00ZDQwLTg1NmQtMjhmNzgzYzBiNTE2 200
[debug] [2026-09-02T12:20:44.809Z] <<< [apiv2][body] GET https://firebase.googleapis.com/v1beta1/operations/workflows/ZTVjZGJhZTUtMjI0OS00ZDQwLTg1NmQtMjhmNzgzYzBiNTE2 {"name":"operations/workflows/ZTVjZGJhZTUtMjI0OS00ZDQwLTg1NmQtMjhmNzgzYzBiNTE2"}
[debug] [2026-09-02T12:20:45.010Z] [Provision Firebase App Poller] Retrying task index 0
[debug] [2026-09-02T12:20:45.010Z] Checked if tokens are valid: true, expires at: 1788353985707
[debug] [2026-09-02T12:20:45.010Z] Checked if tokens are valid: true, expires at: 1788353985707
[debug] [2026-09-02T12:20:45.011Z] >>> [apiv2][query] GET https://firebase.googleapis.com/v1beta1/operations/workflows/ZTVjZGJhZTUtMjI0OS00ZDQwLTg1NmQtMjhmNzgzYzBiNTE2 [none]
[debug] [2026-09-02T12:20:45.385Z] <<< [apiv2][status] GET https://firebase.googleapis.com/v1beta1/operations/workflows/ZTVjZGJhZTUtMjI0OS00ZDQwLTg1NmQtMjhmNzgzYzBiNTE2 200
[debug] [2026-09-02T12:20:45.385Z] <<< [apiv2][body] GET https://firebase.googleapis.com/v1beta1/operations/workflows/ZTVjZGJhZTUtMjI0OS00ZDQwLTg1NmQtMjhmNzgzYzBiNTE2 {"name":"operations/workflows/ZTVjZGJhZTUtMjI0OS00ZDQwLTg1NmQtMjhmNzgzYzBiNTE2"}
[debug] [2026-09-02T12:20:45.786Z] [Provision Firebase App Poller] Retrying task index 0
[debug] [2026-09-02T12:20:45.787Z] Checked if tokens are valid: true, expires at: 1788353985707
[debug] [2026-09-02T12:20:45.787Z] Checked if tokens are valid: true, expires at: 1788353985707
[debug] [2026-09-02T12:20:45.787Z] >>> [apiv2][query] GET https://firebase.googleapis.com/v1beta1/operations/workflows/ZTVjZGJhZTUtMjI0OS00ZDQwLTg1NmQtMjhmNzgzYzBiNTE2 [none]
[debug] [2026-09-02T12:20:46.210Z] <<< [apiv2][status] GET https://firebase.googleapis.com/v1beta1/operations/workflows/ZTVjZGJhZTUtMjI0OS00ZDQwLTg1NmQtMjhmNzgzYzBiNTE2 200
[debug] [2026-09-02T12:20:46.210Z] <<< [apiv2][body] GET https://firebase.googleapis.com/v1beta1/operations/workflows/ZTVjZGJhZTUtMjI0OS00ZDQwLTg1NmQtMjhmNzgzYzBiNTE2 {"name":"operations/workflows/ZTVjZGJhZTUtMjI0OS00ZDQwLTg1NmQtMjhmNzgzYzBiNTE2"}
[debug] [2026-09-02T12:20:47.012Z] [Provision Firebase App Poller] Retrying task index 0
[debug] [2026-09-02T12:20:47.013Z] Checked if tokens are valid: true, expires at: 1788353985707
[debug] [2026-09-02T12:20:47.013Z] Checked if tokens are valid: true, expires at: 1788353985707
[debug] [2026-09-02T12:20:47.013Z] >>> [apiv2][query] GET https://firebase.googleapis.com/v1beta1/operations/workflows/ZTVjZGJhZTUtMjI0OS00ZDQwLTg1NmQtMjhmNzgzYzBiNTE2 [none]
[debug] [2026-09-02T12:20:47.384Z] <<< [apiv2][status] GET https://firebase.googleapis.com/v1beta1/operations/workflows/ZTVjZGJhZTUtMjI0OS00ZDQwLTg1NmQtMjhmNzgzYzBiNTE2 200
[debug] [2026-09-02T12:20:47.384Z] <<< [apiv2][body] GET https://firebase.googleapis.com/v1beta1/operations/workflows/ZTVjZGJhZTUtMjI0OS00ZDQwLTg1NmQtMjhmNzgzYzBiNTE2 {"name":"operations/workflows/ZTVjZGJhZTUtMjI0OS00ZDQwLTg1NmQtMjhmNzgzYzBiNTE2"}
[debug] [2026-09-02T12:20:48.985Z] [Provision Firebase App Poller] Retrying task index 0
[debug] [2026-09-02T12:20:48.985Z] Checked if tokens are valid: true, expires at: 1788353985707
[debug] [2026-09-02T12:20:48.985Z] Checked if tokens are valid: true, expires at: 1788353985707
[debug] [2026-09-02T12:20:48.985Z] >>> [apiv2][query] GET https://firebase.googleapis.com/v1beta1/operations/workflows/ZTVjZGJhZTUtMjI0OS00ZDQwLTg1NmQtMjhmNzgzYzBiNTE2 [none]
[debug] [2026-09-02T12:20:49.358Z] <<< [apiv2][status] GET https://firebase.googleapis.com/v1beta1/operations/workflows/ZTVjZGJhZTUtMjI0OS00ZDQwLTg1NmQtMjhmNzgzYzBiNTE2 200
[debug] [2026-09-02T12:20:49.358Z] <<< [apiv2][body] GET https://firebase.googleapis.com/v1beta1/operations/workflows/ZTVjZGJhZTUtMjI0OS00ZDQwLTg1NmQtMjhmNzgzYzBiNTE2 {"name":"operations/workflows/ZTVjZGJhZTUtMjI0OS00ZDQwLTg1NmQtMjhmNzgzYzBiNTE2"}
[debug] [2026-09-02T12:20:52.559Z] [Provision Firebase App Poller] Retrying task index 0
[debug] [2026-09-02T12:20:52.560Z] Checked if tokens are valid: true, expires at: 1788353985707
[debug] [2026-09-02T12:20:52.560Z] Checked if tokens are valid: true, expires at: 1788353985707
[debug] [2026-09-02T12:20:52.560Z] >>> [apiv2][query] GET https://firebase.googleapis.com/v1beta1/operations/workflows/ZTVjZGJhZTUtMjI0OS00ZDQwLTg1NmQtMjhmNzgzYzBiNTE2 [none]
[debug] [2026-09-02T12:20:53.001Z] <<< [apiv2][status] GET https://firebase.googleapis.com/v1beta1/operations/workflows/ZTVjZGJhZTUtMjI0OS00ZDQwLTg1NmQtMjhmNzgzYzBiNTE2 200
[debug] [2026-09-02T12:20:53.001Z] <<< [apiv2][body] GET https://firebase.googleapis.com/v1beta1/operations/workflows/ZTVjZGJhZTUtMjI0OS00ZDQwLTg1NmQtMjhmNzgzYzBiNTE2 {"name":"operations/workflows/ZTVjZGJhZTUtMjI0OS00ZDQwLTg1NmQtMjhmNzgzYzBiNTE2","done":true,"response":{"@type":"type.googleapis.com/google.firebase.service.v1alpha.ProvisionFirebaseAppResponse","configMimeType":"application/json","configData":"ewogICJ2ZXJzaW9uIjogIjIiLAogICJwcm9qZWN0TnVtYmVyIjogIjY5ODg0OTc0NTc2IiwKICAicHJvamVjdElkIjogImFzdG9vLTliOTIyIiwKICAiYXBwSWQiOiAiMTo2OTg4NDk3NDU3Njp3ZWI6YTFjY2QzYmE4MGRiM2ZmM2RkMzkzNSIsCiAgInJlYWx0aW1lRGF0YWJhc2VJbnN0YW5jZVVyaSI6ICIiLAogICJyZWFsdGltZURhdGFiYXNlVXJsIjogIiIsCiAgInN0b3JhZ2VCdWNrZXQiOiAiYXN0b28tOWI5MjIuZmlyZWJhc2VzdG9yYWdlLmFwcCIsCiAgImxvY2F0aW9uSWQiOiAiIiwKICAiYXBpS2V5IjogIkFJemFTeUN4U2lLRjRRbnNtSS14VjRsS3hVUEVwdkZfR3NSS2hLWSIsCiAgImF1dGhEb21haW4iOiAiYXN0b28tOWI5MjIuZmlyZWJhc2VhcHAuY29tIiwKICAibWVzc2FnaW5nU2VuZGVySWQiOiAiNjk4ODQ5NzQ1NzYiLAogICJtZWFzdXJlbWVudElkIjogIkctOFNCQ0VQUkMyTiIsCiAgInJlY2FwdGNoYVNpdGVLZXkiOiAiIgp9","appResource":"projects/astoo-9b922/apps/1:69884974576:web:a1ccd3ba80db3ff3dd3935"}}
[debug] [2026-09-02T12:20:53.001Z] [provision] Firebase app provisioning completed successfully
[info] +  Auth providers enabled: email/password 
[debug] [2026-09-02T12:20:53.001Z] [rules] releasing cloud.firestore with ruleset projects/astoo-9b922/rulesets/9dec22b1-5409-4952-aca4-9e86a9c2b647
[debug] [2026-09-02T12:20:53.002Z] Checked if tokens are valid: true, expires at: 1788353985707
[debug] [2026-09-02T12:20:53.002Z] Checked if tokens are valid: true, expires at: 1788353985707
[debug] [2026-09-02T12:20:53.002Z] >>> [apiv2][query] PATCH https://firebaserules.googleapis.com/v1/projects/astoo-9b922/releases/cloud.firestore [none]
[debug] [2026-09-02T12:20:53.002Z] >>> [apiv2][body] PATCH https://firebaserules.googleapis.com/v1/projects/astoo-9b922/releases/cloud.firestore {"release":{"name":"projects/astoo-9b922/releases/cloud.firestore","rulesetName":"projects/astoo-9b922/rulesets/9dec22b1-5409-4952-aca4-9e86a9c2b647"}}
[debug] [2026-09-02T12:20:54.205Z] <<< [apiv2][status] PATCH https://firebaserules.googleapis.com/v1/projects/astoo-9b922/releases/cloud.firestore 200
[debug] [2026-09-02T12:20:54.206Z] <<< [apiv2][body] PATCH https://firebaserules.googleapis.com/v1/projects/astoo-9b922/releases/cloud.firestore {"name":"projects/astoo-9b922/releases/cloud.firestore","rulesetName":"projects/astoo-9b922/rulesets/9dec22b1-5409-4952-aca4-9e86a9c2b647","createTime":"2026-09-02T12:01:14.945159Z","updateTime":"2026-09-02T12:20:52.123096Z"}
[debug] [2026-09-02T12:20:54.206Z] [rules] updated release projects/astoo-9b922/releases/cloud.firestore
[info] +  firestore: released rules firestore.rules to cloud.firestore 
[debug] [2026-09-02T12:20:54.206Z] [
  {
    "config": {
      "public": "dist",
      "ignore": [
        "firebase.json",
        "**/.*",
        "**/node_modules/**"
      ],
      "rewrites": [
        {
          "source": "**",
          "destination": "/index.html"
        }
      ],
      "site": "astoo-9b922"
    },
    "version": "projects/69884974576/sites/astoo-9b922/versions/009f29bea08cf39d"
  }
]
[info] i  hosting[astoo-9b922]: finalizing version... 
[debug] [2026-09-02T12:20:54.208Z] Checked if tokens are valid: true, expires at: 1788353985707
[debug] [2026-09-02T12:20:54.208Z] Checked if tokens are valid: true, expires at: 1788353985707
[debug] [2026-09-02T12:20:54.209Z] >>> [apiv2][query] PATCH https://firebasehosting.googleapis.com/v1beta1/projects/-/sites/astoo-9b922/versions/009f29bea08cf39d updateMask=status%2Cconfig
[debug] [2026-09-02T12:20:54.209Z] >>> [apiv2][body] PATCH https://firebasehosting.googleapis.com/v1beta1/projects/-/sites/astoo-9b922/versions/009f29bea08cf39d {"status":"FINALIZED","config":{"rewrites":[{"glob":"**","path":"/index.html"}]}}
[debug] [2026-09-02T12:20:56.237Z] <<< [apiv2][status] PATCH https://firebasehosting.googleapis.com/v1beta1/projects/-/sites/astoo-9b922/versions/009f29bea08cf39d 200
[debug] [2026-09-02T12:20:56.237Z] <<< [apiv2][body] PATCH https://firebasehosting.googleapis.com/v1beta1/projects/-/sites/astoo-9b922/versions/009f29bea08cf39d {"name":"projects/69884974576/sites/astoo-9b922/versions/009f29bea08cf39d","status":"FINALIZED","config":{"rewrites":[{"glob":"**","path":"/index.html"}]},"labels":{"deployment-tool":"cli-firebase"},"createTime":"2026-09-02T12:20:33.091275Z","createUser":{"email":"mohmad3mmar017@gmail.com"},"finalizeTime":"2026-09-02T12:20:54.101712Z","finalizeUser":{"email":"mohmad3mmar017@gmail.com"}}
[debug] [2026-09-02T12:20:56.238Z] [hosting] finalized version for astoo-9b922:[object Object]
[info] +  hosting[astoo-9b922]: version finalized 
[info] i  hosting[astoo-9b922]: releasing new version... 
[debug] [2026-09-02T12:20:56.238Z] Checked if tokens are valid: true, expires at: 1788353985707
[debug] [2026-09-02T12:20:56.238Z] Checked if tokens are valid: true, expires at: 1788353985707
[debug] [2026-09-02T12:20:56.238Z] >>> [apiv2][query] POST https://firebasehosting.googleapis.com/v1beta1/projects/-/sites/astoo-9b922/channels/live/releases versionName=projects%2F69884974576%2Fsites%2Fastoo-9b922%2Fversions%2F009f29bea08cf39d
[debug] [2026-09-02T12:20:56.239Z] >>> [apiv2][body] POST https://firebasehosting.googleapis.com/v1beta1/projects/-/sites/astoo-9b922/channels/live/releases {}
[debug] [2026-09-02T12:20:57.726Z] <<< [apiv2][status] POST https://firebasehosting.googleapis.com/v1beta1/projects/-/sites/astoo-9b922/channels/live/releases 200
[debug] [2026-09-02T12:20:57.726Z] <<< [apiv2][body] POST https://firebasehosting.googleapis.com/v1beta1/projects/-/sites/astoo-9b922/channels/live/releases {"name":"projects/69884974576/sites/astoo-9b922/channels/live/releases/1788351654580000","version":{"name":"projects/69884974576/sites/astoo-9b922/versions/009f29bea08cf39d","status":"FINALIZED","config":{"rewrites":[{"glob":"**","path":"/index.html"}]},"labels":{"deployment-tool":"cli-firebase"},"createTime":"2026-09-02T12:20:33.091275Z","createUser":{"email":"mohmad3mmar017@gmail.com","imageUrl":"https://lh3.googleusercontent.com/a/ACg8ocJe7LRH8_wW2sc61ZZcVZ3mRErFo38Q2IRlVd-76PW91FwHtw=mo"},"finalizeTime":"2026-09-02T12:20:54.101712Z","finalizeUser":{"email":"mohmad3mmar017@gmail.com","imageUrl":"https://lh3.googleusercontent.com/a/ACg8ocJe7LRH8_wW2sc61ZZcVZ3mRErFo38Q2IRlVd-76PW91FwHtw=mo"}},"type":"DEPLOY","releaseTime":"2026-09-02T12:20:54.580Z","releaseUser":{"email":"mohmad3mmar017@gmail.com","imageUrl":"https://lh3.googleusercontent.com/a/ACg8ocJe7LRH8_wW2sc61ZZcVZ3mRErFo38Q2IRlVd-76PW91FwHtw=mo"}}
[debug] [2026-09-02T12:20:57.726Z] [hosting] release: {"name":"projects/69884974576/sites/astoo-9b922/channels/live/releases/1788351654580000","version":{"name":"projects/69884974576/sites/astoo-9b922/versions/009f29bea08cf39d","status":"FINALIZED","config":{"rewrites":[{"glob":"**","path":"/index.html"}]},"labels":{"deployment-tool":"cli-firebase"},"createTime":"2026-09-02T12:20:33.091275Z","createUser":{"email":"mohmad3mmar017@gmail.com","imageUrl":"https://lh3.googleusercontent.com/a/ACg8ocJe7LRH8_wW2sc61ZZcVZ3mRErFo38Q2IRlVd-76PW91FwHtw=mo"},"finalizeTime":"2026-09-02T12:20:54.101712Z","finalizeUser":{"email":"mohmad3mmar017@gmail.com","imageUrl":"https://lh3.googleusercontent.com/a/ACg8ocJe7LRH8_wW2sc61ZZcVZ3mRErFo38Q2IRlVd-76PW91FwHtw=mo"}},"type":"DEPLOY","releaseTime":"2026-09-02T12:20:54.580Z","releaseUser":{"email":"mohmad3mmar017@gmail.com","imageUrl":"https://lh3.googleusercontent.com/a/ACg8ocJe7LRH8_wW2sc61ZZcVZ3mRErFo38Q2IRlVd-76PW91FwHtw=mo"}}
[info] +  hosting[astoo-9b922]: release complete 
[info] 
[info] +  Deploy complete! 
[info] 
[info] Project Console: https://console.firebase.google.com/project/astoo-9b922/overview
[info] Hosting URL: https://astoo-9b922.web.app
[debug] [2026-09-06T11:30:24.515Z] ----------------------------------------------------------------------
[debug] [2026-09-06T11:30:24.521Z] Command:       C:\Program Files\nodejs\node.exe C:\Users\mohlb\Downloads\نظام-إدارة-أسطول-السيارات (4)\node_modules\firebase-tools\lib\bin\firebase.js deploy --only firestore:rules --project astoo-9b922
[debug] [2026-09-06T11:30:24.522Z] CLI Version:   15.28.2
[debug] [2026-09-06T11:30:24.522Z] Platform:      win32
[debug] [2026-09-06T11:30:24.522Z] Node Version:  v25.6.0
[debug] [2026-09-06T11:30:24.522Z] Detected Agent: codex_cli
[debug] [2026-09-06T11:30:24.523Z] Time:          Sun Sep 06 2026 14:30:24 GMT+0300 (Arabian Standard Time)
[debug] [2026-09-06T11:30:24.523Z] ----------------------------------------------------------------------
[debug] 
[debug] [2026-09-06T11:30:24.540Z] >>> [apiv2][query] GET https://firebase-public.firebaseio.com/cli.json [none]
[debug] [2026-09-06T11:30:28.076Z] > command requires scopes: ["email","openid","https://www.googleapis.com/auth/cloudplatformprojects.readonly","https://www.googleapis.com/auth/firebase","https://www.googleapis.com/auth/cloud-platform"]
[debug] [2026-09-06T11:30:28.077Z] > authorizing via signed-in user (mohmad3mmar017@gmail.com)
[debug] [2026-09-06T11:30:28.077Z] [iam] checking project astoo-9b922 for permissions ["datastore.indexes.create","datastore.indexes.delete","datastore.indexes.list","datastore.indexes.update","firebase.projects.get"]
[debug] [2026-09-06T11:30:28.078Z] Checked if tokens are valid: false, expires at: 1788353985707
[debug] [2026-09-06T11:30:28.079Z] Checked if tokens are valid: false, expires at: 1788353985707
[debug] [2026-09-06T11:30:28.079Z] > refreshing access token with scopes: []
[debug] [2026-09-06T11:30:28.081Z] >>> [apiv2][query] POST https://www.googleapis.com/oauth2/v3/token [none]
[debug] [2026-09-06T11:30:28.081Z] >>> [apiv2][body] POST https://www.googleapis.com/oauth2/v3/token [omitted]
[debug] [2026-09-06T11:30:28.742Z] *** [apiv2] error from fetch(https://www.googleapis.com/oauth2/v3/token, {"headers":{},"method":"POST","body":{"type":"Buffer","data":[45,45,45,45,45,45,45,45,45,45,45,45,45,45,45,45,45,45,45,45,45,45,45,45,45,45,45,45,100,99,56,101,52,55,48,54,52,99,51,97,52,101,53,55,97,50,97,97,51,100,51,56,13,10,67,111,110,116,101,110,116,45,68,105,115,112,111,115,105,116,105,111,110,58,32,102,111,114,109,45,100,97,116,97,59,32,110,97,109,101,61,34,114,101,102,114,101,115,104,95,116,111,107,101,110,34,13,10,13,10,49,47,47,48,51,97,76,105,73,117,88,67,108,79,117,113,67,103,89,73,65,82,65,65,71,65,77,83,78,119,70,45,76,57,73,114,67,109,79,45,105,71,80,88,97,102,52,82,110,114,72,83,118,77,107,118,73,111,112,122,50,107,119,50,48,55,57,112,100,49,48,120,100,68,107,95,77,53,120,105,90,103,71,83,104,106,45,45,71,104,71,115,102,105,51,49,75,45,98,72,113,120,52,13,10,45,45,45,45,45,45,45,45,45,45,45,45,45,45,45,45,45,45,45,45,45,45,45,45,45,45,45,45,100,99,56,101,52,55,48,54,52,99,51,97,52,101,53,55,97,50,97,97,51,100,51,56,13,10,67,111,110,116,101,110,116,45,68,105,115,112,111,115,105,116,105,111,110,58,32,102,111,114,109,45,100,97,116,97,59,32,110,97,109,101,61,34,99,108,105,101,110,116,95,105,100,34,13,10,13,10,53,54,51,53,56,52,51,51,53,56,54,57,45,102,103,114,104,103,109,100,52,55,98,113,110,101,107,105,106,53,105,56,98,53,112,114,48,51,104,111,56,52,57,101,54,46,97,112,112,115,46,103,111,111,103,108,101,117,115,101,114,99,111,110,116,101,110,116,46,99,111,109,13,10,45,45,45,45,45,45,45,45,45,45,45,45,45,45,45,45,45,45,45,45,45,45,45,45,45,45,45,45,100,99,56,101,52,55,48,54,52,99,51,97,52,101,53,55,97,50,97,97,51,100,51,56,13,10,67,111,110,116,101,110,116,45,68,105,115,112,111,115,105,116,105,111,110,58,32,102,111,114,109,45,100,97,116,97,59,32,110,97,109,101,61,34,99,108,105,101,110,116,95,115,101,99,114,101,116,34,13,10,13,10,106,57,105,86,90,102,83,56,107,107,67,69,70,85,80,97,65,101,74,86,48,115,65,105,13,10,45,45,45,45,45,45,45,45,45,45,45,45,45,45,45,45,45,45,45,45,45,45,45,45,45,45,45,45,100,99,56,101,52,55,48,54,52,99,51,97,52,101,53,55,97,50,97,97,51,100,51,56,13,10,67,111,110,116,101,110,116,45,68,105,115,112,111,115,105,116,105,111,110,58,32,102,111,114,109,45,100,97,116,97,59,32,110,97,109,101,61,34,103,114,97,110,116,95,116,121,112,101,34,13,10,13,10,114,101,102,114,101,115,104,95,116,111,107,101,110,13,10,45,45,45,45,45,45,45,45,45,45,45,45,45,45,45,45,45,45,45,45,45,45,45,45,45,45,45,45,100,99,56,101,52,55,48,54,52,99,51,97,52,101,53,55,97,50,97,97,51,100,51,56,13,10,67,111,110,116,101,110,116,45,68,105,115,112,111,115,105,116,105,111,110,58,32,102,111,114,109,45,100,97,116,97,59,32,110,97,109,101,61,34,115,99,111,112,101,34,13,10,13,10,13,10,45,45,45,45,45,45,45,45,45,45,45,45,45,45,45,45,45,45,45,45,45,45,45,45,45,45,45,45,100,99,56,101,52,55,48,54,52,99,51,97,52,101,53,55,97,50,97,97,51,100,51,56,45,45,13,10]}}): Error: unable to verify the first certificate; if the root CA is installed locally, try running Node.js with --use-system-ca
[error] Authentication Error: Your credentials are no longer valid. Please run firebase login --reauth

For CI servers and headless environments, generate a new token with firebase login:ci
[debug] [2026-09-06T11:30:28.742Z] [iam] error while checking permissions, command may fail: Authentication Error: Your credentials are no longer valid. Please run firebase login --reauth

For CI servers and headless environments, generate a new token with firebase login:ci
[info] 
[info] === Deploying to 'astoo-9b922'...
[info] 
[info] i  deploying firestore 
[info] i  firestore: ensuring required API firestore.googleapis.com is enabled... 
[info] i  firestore: ensuring required API firestore.googleapis.com is enabled... 
[debug] [2026-09-06T11:30:28.747Z] Checked if tokens are valid: false, expires at: 1788353985707
[debug] [2026-09-06T11:30:28.747Z] Checked if tokens are valid: false, expires at: 1788353985707
[debug] [2026-09-06T11:30:28.747Z] > refreshing access token with scopes: []
[debug] [2026-09-06T11:30:28.748Z] >>> [apiv2][query] POST https://www.googleapis.com/oauth2/v3/token [none]
[debug] [2026-09-06T11:30:28.748Z] >>> [apiv2][body] POST https://www.googleapis.com/oauth2/v3/token [omitted]
[debug] [2026-09-06T11:30:28.752Z] *** [apiv2] error from fetch(https://firebase-public.firebaseio.com/cli.json, {"headers":{},"method":"GET"}): Error: unable to verify the first certificate; if the root CA is installed locally, try running Node.js with --use-system-ca
[warn] !  Unable to fetch the CLI MOTD and remote config. This is not a fatal error, but may indicate an issue with your network connection. 
[debug] [2026-09-06T11:30:28.753Z] Failed to fetch MOTD FirebaseError: Failed to make request to https://firebase-public.firebaseio.com/cli.json
[debug] [2026-09-06T11:30:28.983Z] *** [apiv2] error from fetch(https://www.googleapis.com/oauth2/v3/token, {"headers":{},"method":"POST","body":{"type":"Buffer","data":[45,45,45,45,45,45,45,45,45,45,45,45,45,45,45,45,45,45,45,45,45,45,45,45,45,45,45,45,102,99,98,56,100,99,57,53,55,98,102,57,99,101,97,99,101,99,51,54,55,56,55,102,13,10,67,111,110,116,101,110,116,45,68,105,115,112,111,115,105,116,105,111,110,58,32,102,111,114,109,45,100,97,116,97,59,32,110,97,109,101,61,34,114,101,102,114,101,115,104,95,116,111,107,101,110,34,13,10,13,10,49,47,47,48,51,97,76,105,73,117,88,67,108,79,117,113,67,103,89,73,65,82,65,65,71,65,77,83,78,119,70,45,76,57,73,114,67,109,79,45,105,71,80,88,97,102,52,82,110,114,72,83,118,77,107,118,73,111,112,122,50,107,119,50,48,55,57,112,100,49,48,120,100,68,107,95,77,53,120,105,90,103,71,83,104,106,45,45,71,104,71,115,102,105,51,49,75,45,98,72,113,120,52,13,10,45,45,45,45,45,45,45,45,45,45,45,45,45,45,45,45,45,45,45,45,45,45,45,45,45,45,45,45,102,99,98,56,100,99,57,53,55,98,102,57,99,101,97,99,101,99,51,54,55,56,55,102,13,10,67,111,110,116,101,110,116,45,68,105,115,112,111,115,105,116,105,111,110,58,32,102,111,114,109,45,100,97,116,97,59,32,110,97,109,101,61,34,99,108,105,101,110,116,95,105,100,34,13,10,13,10,53,54,51,53,56,52,51,51,53,56,54,57,45,102,103,114,104,103,109,100,52,55,98,113,110,101,107,105,106,53,105,56,98,53,112,114,48,51,104,111,56,52,57,101,54,46,97,112,112,115,46,103,111,111,103,108,101,117,115,101,114,99,111,110,116,101,110,116,46,99,111,109,13,10,45,45,45,45,45,45,45,45,45,45,45,45,45,45,45,45,45,45,45,45,45,45,45,45,45,45,45,45,102,99,98,56,100,99,57,53,55,98,102,57,99,101,97,99,101,99,51,54,55,56,55,102,13,10,67,111,110,116,101,110,116,45,68,105,115,112,111,115,105,116,105,111,110,58,32,102,111,114,109,45,100,97,116,97,59,32,110,97,109,101,61,34,99,108,105,101,110,116,95,115,101,99,114,101,116,34,13,10,13,10,106,57,105,86,90,102,83,56,107,107,67,69,70,85,80,97,65,101,74,86,48,115,65,105,13,10,45,45,45,45,45,45,45,45,45,45,45,45,45,45,45,45,45,45,45,45,45,45,45,45,45,45,45,45,102,99,98,56,100,99,57,53,55,98,102,57,99,101,97,99,101,99,51,54,55,56,55,102,13,10,67,111,110,116,101,110,116,45,68,105,115,112,111,115,105,116,105,111,110,58,32,102,111,114,109,45,100,97,116,97,59,32,110,97,109,101,61,34,103,114,97,110,116,95,116,121,112,101,34,13,10,13,10,114,101,102,114,101,115,104,95,116,111,107,101,110,13,10,45,45,45,45,45,45,45,45,45,45,45,45,45,45,45,45,45,45,45,45,45,45,45,45,45,45,45,45,102,99,98,56,100,99,57,53,55,98,102,57,99,101,97,99,101,99,51,54,55,56,55,102,13,10,67,111,110,116,101,110,116,45,68,105,115,112,111,115,105,116,105,111,110,58,32,102,111,114,109,45,100,97,116,97,59,32,110,97,109,101,61,34,115,99,111,112,101,34,13,10,13,10,13,10,45,45,45,45,45,45,45,45,45,45,45,45,45,45,45,45,45,45,45,45,45,45,45,45,45,45,45,45,102,99,98,56,100,99,57,53,55,98,102,57,99,101,97,99,101,99,51,54,55,56,55,102,45,45,13,10]}}): Error: unable to verify the first certificate; if the root CA is installed locally, try running Node.js with --use-system-ca
[error] Authentication Error: Your credentials are no longer valid. Please run firebase login --reauth

For CI servers and headless environments, generate a new token with firebase login:ci
[info] i  firestore: reading indexes from firestore.indexes.json... 
[info] i  cloud.firestore: checking firestore.rules for compilation errors... 
[debug] [2026-09-06T11:30:28.985Z] Checked if tokens are valid: false, expires at: 1788353985707
[debug] [2026-09-06T11:30:28.985Z] Checked if tokens are valid: false, expires at: 1788353985707
[debug] [2026-09-06T11:30:28.985Z] > refreshing access token with scopes: []
[debug] [2026-09-06T11:30:28.986Z] >>> [apiv2][query] POST https://www.googleapis.com/oauth2/v3/token [none]
[debug] [2026-09-06T11:30:28.986Z] >>> [apiv2][body] POST https://www.googleapis.com/oauth2/v3/token [omitted]
[debug] [2026-09-06T11:30:29.210Z] *** [apiv2] error from fetch(https://www.googleapis.com/oauth2/v3/token, {"headers":{},"method":"POST","body":{"type":"Buffer","data":[45,45,45,45,45,45,45,45,45,45,45,45,45,45,45,45,45,45,45,45,45,45,45,45,45,45,45,45,53,49,100,49,57,54,48,50,51,57,48,48,50,50,102,48,101,98,50,50,50,53,102,100,13,10,67,111,110,116,101,110,116,45,68,105,115,112,111,115,105,116,105,111,110,58,32,102,111,114,109,45,100,97,116,97,59,32,110,97,109,101,61,34,114,101,102,114,101,115,104,95,116,111,107,101,110,34,13,10,13,10,49,47,47,48,51,97,76,105,73,117,88,67,108,79,117,113,67,103,89,73,65,82,65,65,71,65,77,83,78,119,70,45,76,57,73,114,67,109,79,45,105,71,80,88,97,102,52,82,110,114,72,83,118,77,107,118,73,111,112,122,50,107,119,50,48,55,57,112,100,49,48,120,100,68,107,95,77,53,120,105,90,103,71,83,104,106,45,45,71,104,71,115,102,105,51,49,75,45,98,72,113,120,52,13,10,45,45,45,45,45,45,45,45,45,45,45,45,45,45,45,45,45,45,45,45,45,45,45,45,45,45,45,45,53,49,100,49,57,54,48,50,51,57,48,48,50,50,102,48,101,98,50,50,50,53,102,100,13,10,67,111,110,116,101,110,116,45,68,105,115,112,111,115,105,116,105,111,110,58,32,102,111,114,109,45,100,97,116,97,59,32,110,97,109,101,61,34,99,108,105,101,110,116,95,105,100,34,13,10,13,10,53,54,51,53,56,52,51,51,53,56,54,57,45,102,103,114,104,103,109,100,52,55,98,113,110,101,107,105,106,53,105,56,98,53,112,114,48,51,104,111,56,52,57,101,54,46,97,112,112,115,46,103,111,111,103,108,101,117,115,101,114,99,111,110,116,101,110,116,46,99,111,109,13,10,45,45,45,45,45,45,45,45,45,45,45,45,45,45,45,45,45,45,45,45,45,45,45,45,45,45,45,45,53,49,100,49,57,54,48,50,51,57,48,48,50,50,102,48,101,98,50,50,50,53,102,100,13,10,67,111,110,116,101,110,116,45,68,105,115,112,111,115,105,116,105,111,110,58,32,102,111,114,109,45,100,97,116,97,59,32,110,97,109,101,61,34,99,108,105,101,110,116,95,115,101,99,114,101,116,34,13,10,13,10,106,57,105,86,90,102,83,56,107,107,67,69,70,85,80,97,65,101,74,86,48,115,65,105,13,10,45,45,45,45,45,45,45,45,45,45,45,45,45,45,45,45,45,45,45,45,45,45,45,45,45,45,45,45,53,49,100,49,57,54,48,50,51,57,48,48,50,50,102,48,101,98,50,50,50,53,102,100,13,10,67,111,110,116,101,110,116,45,68,105,115,112,111,115,105,116,105,111,110,58,32,102,111,114,109,45,100,97,116,97,59,32,110,97,109,101,61,34,103,114,97,110,116,95,116,121,112,101,34,13,10,13,10,114,101,102,114,101,115,104,95,116,111,107,101,110,13,10,45,45,45,45,45,45,45,45,45,45,45,45,45,45,45,45,45,45,45,45,45,45,45,45,45,45,45,45,53,49,100,49,57,54,48,50,51,57,48,48,50,50,102,48,101,98,50,50,50,53,102,100,13,10,67,111,110,116,101,110,116,45,68,105,115,112,111,115,105,116,105,111,110,58,32,102,111,114,109,45,100,97,116,97,59,32,110,97,109,101,61,34,115,99,111,112,101,34,13,10,13,10,13,10,45,45,45,45,45,45,45,45,45,45,45,45,45,45,45,45,45,45,45,45,45,45,45,45,45,45,45,45,53,49,100,49,57,54,48,50,51,57,48,48,50,50,102,48,101,98,50,50,50,53,102,100,45,45,13,10]}}): Error: unable to verify the first certificate; if the root CA is installed locally, try running Node.js with --use-system-ca
[error] Authentication Error: Your credentials are no longer valid. Please run firebase login --reauth

For CI servers and headless environments, generate a new token with firebase login:ci
[error] 
[error] Error: Authentication Error: Your credentials are no longer valid. Please run firebase login --reauth

For CI servers and headless environments, generate a new token with firebase login:ci
[debug] [2026-09-06T11:30:43.868Z] ----------------------------------------------------------------------
[debug] [2026-09-06T11:30:43.875Z] Command:       C:\Program Files\nodejs\node.exe C:\Users\mohlb\Downloads\نظام-إدارة-أسطول-السيارات (4)\node_modules\firebase-tools\lib\bin\firebase.js login --reauth --no-localhost
[debug] [2026-09-06T11:30:43.876Z] CLI Version:   15.28.2
[debug] [2026-09-06T11:30:43.876Z] Platform:      win32
[debug] [2026-09-06T11:30:43.876Z] Node Version:  v25.6.0
[debug] [2026-09-06T11:30:43.877Z] Detected Agent: codex_cli
[debug] [2026-09-06T11:30:43.877Z] Time:          Sun Sep 06 2026 14:30:43 GMT+0300 (Arabian Standard Time)
[debug] [2026-09-06T11:30:43.877Z] ----------------------------------------------------------------------
[debug] 
[debug] [2026-09-06T11:30:43.895Z] >>> [apiv2][query] GET https://firebase-public.firebaseio.com/cli.json [none]
[debug] [2026-09-06T11:30:44.184Z] >>> [apiv2][query] POST https://auth.firebase.tools/attest [none]
[debug] [2026-09-06T11:30:44.184Z] >>> [apiv2][body] POST https://auth.firebase.tools/attest {"session_id":"b56fede8-c2d4-42c7-a68b-3cc6ea381091"}
[debug] [2026-09-06T11:30:44.820Z] <<< [apiv2][status] GET https://firebase-public.firebaseio.com/cli.json 200
[debug] [2026-09-06T11:30:44.820Z] <<< [apiv2][body] GET https://firebase-public.firebaseio.com/cli.json {"cloudBuildErrorAfter":1594252800000,"cloudBuildWarnAfter":1590019200000,"defaultNode10After":1594252800000,"minVersion":"3.0.5","node8DeploysDisabledAfter":1613390400000,"node8RuntimeDisabledAfter":1615809600000,"node8WarnAfter":1600128000000}
[debug] [2026-09-06T11:30:54.531Z] *** [apiv2] error from fetch(https://auth.firebase.tools/attest, {"headers":{},"method":"POST","body":"{\"session_id\":\"b56fede8-c2d4-42c7-a68b-3cc6ea381091\"}"}): ConnectTimeoutError: Connect Timeout Error (attempted addresses: 216.239.36.21:443, 216.239.34.21:443, 216.239.32.21:443, 216.239.38.21:443, timeout: 10000ms)
[error] 
[error] Error: Failed to start login: Failed to make request to https://auth.firebase.tools/attest
[debug] [2026-09-06T11:31:06.610Z] ----------------------------------------------------------------------
[debug] [2026-09-06T11:31:06.617Z] Command:       C:\Program Files\nodejs\node.exe C:\Users\mohlb\Downloads\نظام-إدارة-أسطول-السيارات (4)\node_modules\firebase-tools\lib\bin\firebase.js login --reauth --no-localhost
[debug] [2026-09-06T11:31:06.617Z] CLI Version:   15.28.2
[debug] [2026-09-06T11:31:06.617Z] Platform:      win32
[debug] [2026-09-06T11:31:06.618Z] Node Version:  v25.6.0
[debug] [2026-09-06T11:31:06.618Z] Detected Agent: codex_cli
[debug] [2026-09-06T11:31:06.618Z] Time:          Sun Sep 06 2026 14:31:06 GMT+0300 (Arabian Standard Time)
[debug] [2026-09-06T11:31:06.619Z] ----------------------------------------------------------------------
[debug] 
[debug] [2026-09-06T11:31:06.900Z] >>> [apiv2][query] POST https://auth.firebase.tools/attest [none]
[debug] [2026-09-06T11:31:06.901Z] >>> [apiv2][body] POST https://auth.firebase.tools/attest {"session_id":"26fee91b-9517-4a40-8232-e65efc80b51e"}
[debug] [2026-09-06T11:31:17.565Z] *** [apiv2] error from fetch(https://auth.firebase.tools/attest, {"headers":{},"method":"POST","body":"{\"session_id\":\"26fee91b-9517-4a40-8232-e65efc80b51e\"}"}): ConnectTimeoutError: Connect Timeout Error (attempted addresses: 216.239.36.21:443, 216.239.34.21:443, 216.239.32.21:443, 216.239.38.21:443, timeout: 10000ms)
[error] 
[error] Error: Failed to start login: Failed to make request to https://auth.firebase.tools/attest
[debug] [2026-09-06T11:33:09.173Z] ----------------------------------------------------------------------
[debug] [2026-09-06T11:33:09.180Z] Command:       C:\Program Files\nodejs\node.exe C:\Users\mohlb\Downloads\نظام-إدارة-أسطول-السيارات (4)\node_modules\firebase-tools\lib\bin\firebase.js login --reauth --no-localhost
[debug] [2026-09-06T11:33:09.180Z] CLI Version:   15.28.2
[debug] [2026-09-06T11:33:09.181Z] Platform:      win32
[debug] [2026-09-06T11:33:09.181Z] Node Version:  v25.6.0
[debug] [2026-09-06T11:33:09.181Z] Detected Agent: codex_cli
[debug] [2026-09-06T11:33:09.182Z] Time:          Sun Sep 06 2026 14:33:09 GMT+0300 (Arabian Standard Time)
[debug] [2026-09-06T11:33:09.182Z] ----------------------------------------------------------------------
[debug] 
[debug] [2026-09-06T11:33:09.462Z] >>> [apiv2][query] POST https://auth.firebase.tools/attest [none]
[debug] [2026-09-06T11:33:09.463Z] >>> [apiv2][body] POST https://auth.firebase.tools/attest {"session_id":"42f217ae-289a-45d4-aa1e-de1c6f7651e3"}
[debug] [2026-09-06T11:33:10.965Z] <<< [apiv2][status] POST https://auth.firebase.tools/attest 200
[debug] [2026-09-06T11:33:10.966Z] <<< [apiv2][body] POST https://auth.firebase.tools/attest {"token":"lwxe4hDW-JBMTtsHwb1mgpEhF6H4TQSYAHrmgutYDdg"}
[info] 
[info] To sign in to the Firebase CLI:
[info] 
[info] 1. Take note of your session ID:
[info] 
[info]    42F21
[info] 
[info] 2. Visit the URL below on any device and follow the instructions to get your code:
[info] 
[info]    https://auth.firebase.tools/login?code_challenge=y2KVNbb9rkbyHUyWSo8-4iNRUup4uXKLAq6652AQz3E&session=42f217ae-289a-45d4-aa1e-de1c6f7651e3&attest=lwxe4hDW-JBMTtsHwb1mgpEhF6H4TQSYAHrmgutYDdg
[info] 
[info] 3. Complete the login by running:
[info] 
[info]    firebase login <authorizationCode>
[info] 
[debug] [2026-09-06T11:34:50.905Z] ----------------------------------------------------------------------
[debug] [2026-09-06T11:34:50.911Z] Command:       C:\Program Files\nodejs\node.exe C:\Users\mohlb\Downloads\نظام-إدارة-أسطول-السيارات (4)\node_modules\firebase-tools\lib\bin\firebase.js login 4/0ATsMZqCbfnB9O4RI_tbxhFISitZ7lCKLyke5m89ua4gY1IAf9vDQTeB_GfiyhmDe7ddjVQ
[debug] [2026-09-06T11:34:50.912Z] CLI Version:   15.28.2
[debug] [2026-09-06T11:34:50.912Z] Platform:      win32
[debug] [2026-09-06T11:34:50.912Z] Node Version:  v25.6.0
[debug] [2026-09-06T11:34:50.912Z] Detected Agent: codex_cli
[debug] [2026-09-06T11:34:50.913Z] Time:          Sun Sep 06 2026 14:34:50 GMT+0300 (Arabian Standard Time)
[debug] [2026-09-06T11:34:50.913Z] ----------------------------------------------------------------------
[debug] 
[debug] [2026-09-06T11:34:51.199Z] >>> [apiv2][query] POST https://accounts.google.com/o/oauth2/token [none]
[debug] [2026-09-06T11:34:51.199Z] >>> [apiv2][body] POST https://accounts.google.com/o/oauth2/token [omitted]
[debug] [2026-09-06T11:34:51.746Z] <<< [apiv2][status] POST https://accounts.google.com/o/oauth2/token 200
[debug] [2026-09-06T11:34:51.746Z] <<< [apiv2][body] POST https://accounts.google.com/o/oauth2/token [omitted]
[info] +  Success! Logged in as mohmad3mmar017@gmail.com 
[debug] [2026-09-06T11:34:55.683Z] ----------------------------------------------------------------------
[debug] [2026-09-06T11:34:55.689Z] Command:       C:\Program Files\nodejs\node.exe C:\Users\mohlb\Downloads\نظام-إدارة-أسطول-السيارات (4)\node_modules\firebase-tools\lib\bin\firebase.js projects:list
[debug] [2026-09-06T11:34:55.690Z] CLI Version:   15.28.2
[debug] [2026-09-06T11:34:55.690Z] Platform:      win32
[debug] [2026-09-06T11:34:55.690Z] Node Version:  v25.6.0
[debug] [2026-09-06T11:34:55.690Z] Detected Agent: codex_cli
[debug] [2026-09-06T11:34:55.691Z] Time:          Sun Sep 06 2026 14:34:55 GMT+0300 (Arabian Standard Time)
[debug] [2026-09-06T11:34:55.691Z] ----------------------------------------------------------------------
[debug] 
[debug] [2026-09-06T11:34:55.959Z] > command requires scopes: ["email","openid","https://www.googleapis.com/auth/cloudplatformprojects.readonly","https://www.googleapis.com/auth/firebase","https://www.googleapis.com/auth/cloud-platform"]
[debug] [2026-09-06T11:34:55.960Z] > authorizing via signed-in user (mohmad3mmar017@gmail.com)
[debug] [2026-09-06T11:34:55.978Z] Checked if tokens are valid: true, expires at: 1788698090747
[debug] [2026-09-06T11:34:55.978Z] Checked if tokens are valid: true, expires at: 1788698090747
[debug] [2026-09-06T11:34:55.980Z] >>> [apiv2][query] GET https://firebase.googleapis.com/v1beta1/projects pageSize=1000
[debug] [2026-09-06T11:34:56.945Z] <<< [apiv2][status] GET https://firebase.googleapis.com/v1beta1/projects 200
[debug] [2026-09-06T11:34:56.946Z] <<< [apiv2][body] GET https://firebase.googleapis.com/v1beta1/projects [omitted]
[info] ┌──────────────────────┬───────────────────────┬────────────────┬──────────────────────┐
│ Project Display Name │ Project ID            │ Project Number │ Resource Location ID │
├──────────────────────┼───────────────────────┼────────────────┼──────────────────────┤
│ astool               │ astoo-9b922 (current) │ 69884974576    │ [Not specified]      │
├──────────────────────┼───────────────────────┼────────────────┼──────────────────────┤
│ astool               │ astool-b2b07          │ 20416722486    │ [Not specified]      │
├──────────────────────┼───────────────────────┼────────────────┼──────────────────────┤
│ fqih app             │ fqih-app              │ 787350948749   │ [Not specified]      │
└──────────────────────┴───────────────────────┴────────────────┴──────────────────────┘
[info] 
[info] 3 project(s) total.
[debug] [2026-09-06T11:35:21.105Z] ----------------------------------------------------------------------
[debug] [2026-09-06T11:35:21.112Z] Command:       C:\Program Files\nodejs\node.exe C:\Users\mohlb\Downloads\نظام-إدارة-أسطول-السيارات (4)\node_modules\firebase-tools\lib\bin\firebase.js deploy --project astoo-9b922
[debug] [2026-09-06T11:35:21.112Z] CLI Version:   15.28.2
[debug] [2026-09-06T11:35:21.113Z] Platform:      win32
[debug] [2026-09-06T11:35:21.113Z] Node Version:  v25.6.0
[debug] [2026-09-06T11:35:21.113Z] Detected Agent: codex_cli
[debug] [2026-09-06T11:35:21.113Z] Time:          Sun Sep 06 2026 14:35:21 GMT+0300 (Arabian Standard Time)
[debug] [2026-09-06T11:35:21.114Z] ----------------------------------------------------------------------
[debug] 
[debug] [2026-09-06T11:35:23.555Z] > command requires scopes: ["email","openid","https://www.googleapis.com/auth/cloudplatformprojects.readonly","https://www.googleapis.com/auth/firebase","https://www.googleapis.com/auth/cloud-platform"]
[debug] [2026-09-06T11:35:23.555Z] > authorizing via signed-in user (mohmad3mmar017@gmail.com)
[debug] [2026-09-06T11:35:23.555Z] [iam] checking project astoo-9b922 for permissions ["datastore.indexes.create","datastore.indexes.delete","datastore.indexes.list","datastore.indexes.update","firebase.projects.get","firebase.projects.update","firebaseauth.configs.update","firebasehosting.sites.update"]
[debug] [2026-09-06T11:35:23.572Z] Checked if tokens are valid: true, expires at: 1788698090747
[debug] [2026-09-06T11:35:23.572Z] Checked if tokens are valid: true, expires at: 1788698090747
[debug] [2026-09-06T11:35:23.573Z] >>> [apiv2][query] POST https://cloudresourcemanager.googleapis.com/v1/projects/astoo-9b922:testIamPermissions [none]
[debug] [2026-09-06T11:35:23.574Z] >>> [apiv2][(partial)header] POST https://cloudresourcemanager.googleapis.com/v1/projects/astoo-9b922:testIamPermissions  x-goog-user-project=astoo-9b922
[debug] [2026-09-06T11:35:23.574Z] >>> [apiv2][body] POST https://cloudresourcemanager.googleapis.com/v1/projects/astoo-9b922:testIamPermissions {"permissions":["datastore.indexes.create","datastore.indexes.delete","datastore.indexes.list","datastore.indexes.update","firebase.projects.get","firebase.projects.update","firebaseauth.configs.update","firebasehosting.sites.update"]}
[debug] [2026-09-06T11:35:25.128Z] <<< [apiv2][status] POST https://cloudresourcemanager.googleapis.com/v1/projects/astoo-9b922:testIamPermissions 200
[debug] [2026-09-06T11:35:25.129Z] <<< [apiv2][body] POST https://cloudresourcemanager.googleapis.com/v1/projects/astoo-9b922:testIamPermissions {"permissions":["datastore.indexes.create","datastore.indexes.delete","datastore.indexes.list","datastore.indexes.update","firebase.projects.get","firebase.projects.update","firebaseauth.configs.update","firebasehosting.sites.update"]}
[debug] [2026-09-06T11:35:25.129Z] Checked if tokens are valid: true, expires at: 1788698090747
[debug] [2026-09-06T11:35:25.130Z] Checked if tokens are valid: true, expires at: 1788698090747
[debug] [2026-09-06T11:35:25.130Z] >>> [apiv2][query] GET https://firebase.googleapis.com/v1beta1/projects/astoo-9b922 [none]
[debug] [2026-09-06T11:35:25.702Z] <<< [apiv2][status] GET https://firebase.googleapis.com/v1beta1/projects/astoo-9b922 200
[debug] [2026-09-06T11:35:25.702Z] <<< [apiv2][body] GET https://firebase.googleapis.com/v1beta1/projects/astoo-9b922 {"projectId":"astoo-9b922","projectNumber":"69884974576","displayName":"astool","name":"projects/astoo-9b922","resources":{"hostingSite":"astoo-9b922"},"state":"ACTIVE","labels":{"firebase":"enabled"},"etag":"1_e277ab75-fba4-4f3b-9252-1e73119769ad"}
[info] 
[info] === Deploying to 'astoo-9b922'...
[info] 
[info] i  deploying firestore, hosting, auth 
[info] i  firestore: ensuring required API firestore.googleapis.com is enabled... 
[info] i  firestore: ensuring required API firestore.googleapis.com is enabled... 
[debug] [2026-09-06T11:35:25.708Z] Checked if tokens are valid: true, expires at: 1788698090747
[debug] [2026-09-06T11:35:25.708Z] Checked if tokens are valid: true, expires at: 1788698090747
[debug] [2026-09-06T11:35:25.708Z] >>> [apiv2][query] GET https://firestore.googleapis.com/v1/projects/astoo-9b922/databases/(default) [none]
[debug] [2026-09-06T11:35:27.263Z] <<< [apiv2][status] GET https://firestore.googleapis.com/v1/projects/astoo-9b922/databases/(default) 200
[debug] [2026-09-06T11:35:27.264Z] <<< [apiv2][body] GET https://firestore.googleapis.com/v1/projects/astoo-9b922/databases/(default) {"name":"projects/astoo-9b922/databases/(default)","uid":"75a4197d-4b07-4e73-9c2c-90d6a1316200","createTime":"2026-09-02T12:00:56.704389Z","updateTime":"2026-09-02T12:00:56.704389Z","locationId":"nam5","type":"FIRESTORE_NATIVE","concurrencyMode":"PESSIMISTIC","versionRetentionPeriod":"3600s","earliestVersionTime":"2026-09-06T10:35:27.303416Z","appEngineIntegrationMode":"DISABLED","keyPrefix":"s","pointInTimeRecoveryEnablement":"POINT_IN_TIME_RECOVERY_DISABLED","deleteProtectionState":"DELETE_PROTECTION_DISABLED","databaseEdition":"STANDARD","freeTier":true,"realtimeUpdatesMode":"REALTIME_UPDATES_MODE_ENABLED","enhancedTextSearchQueryMode":"ENHANCED_QUERY_MODE_ENABLED","etag":"IIy6pa/u2ZYDMJfbxozB0ZYD"}
[info] i  firestore: reading indexes from firestore.indexes.json... 
[info] i  cloud.firestore: checking firestore.rules for compilation errors... 
[debug] [2026-09-06T11:35:27.266Z] Checked if tokens are valid: true, expires at: 1788698090747
[debug] [2026-09-06T11:35:27.266Z] Checked if tokens are valid: true, expires at: 1788698090747
[debug] [2026-09-06T11:35:27.266Z] >>> [apiv2][query] POST https://firebaserules.googleapis.com/v1/projects/astoo-9b922:test [none]
[debug] [2026-09-06T11:35:27.266Z] >>> [apiv2][body] POST https://firebaserules.googleapis.com/v1/projects/astoo-9b922:test [omitted]
[debug] [2026-09-06T11:35:28.666Z] <<< [apiv2][status] POST https://firebaserules.googleapis.com/v1/projects/astoo-9b922:test 200
[debug] [2026-09-06T11:35:28.666Z] <<< [apiv2][body] POST https://firebaserules.googleapis.com/v1/projects/astoo-9b922:test {}
[info] +  cloud.firestore: rules file firestore.rules compiled successfully 
[debug] [2026-09-06T11:35:28.667Z] Checked if tokens are valid: true, expires at: 1788698090747
[debug] [2026-09-06T11:35:28.668Z] Checked if tokens are valid: true, expires at: 1788698090747
[debug] [2026-09-06T11:35:28.668Z] >>> [apiv2][query] GET https://firebasehosting.googleapis.com/v1beta1/projects/astoo-9b922/sites/astoo-9b922 [none]
[debug] [2026-09-06T11:35:30.119Z] <<< [apiv2][status] GET https://firebasehosting.googleapis.com/v1beta1/projects/astoo-9b922/sites/astoo-9b922 200
[debug] [2026-09-06T11:35:30.119Z] <<< [apiv2][body] GET https://firebasehosting.googleapis.com/v1beta1/projects/astoo-9b922/sites/astoo-9b922 {"name":"projects/astoo-9b922/sites/astoo-9b922","defaultUrl":"https://astoo-9b922.web.app","type":"DEFAULT_SITE"}
[debug] [2026-09-06T11:35:30.122Z] Checked if tokens are valid: true, expires at: 1788698090747
[debug] [2026-09-06T11:35:30.123Z] Checked if tokens are valid: true, expires at: 1788698090747
[debug] [2026-09-06T11:35:30.124Z] >>> [apiv2][query] POST https://firebasehosting.googleapis.com/v1beta1/projects/-/sites/astoo-9b922/versions [none]
[debug] [2026-09-06T11:35:30.124Z] >>> [apiv2][body] POST https://firebasehosting.googleapis.com/v1beta1/projects/-/sites/astoo-9b922/versions {"status":"CREATED","labels":{"deployment-tool":"cli-firebase"}}
[debug] [2026-09-06T11:35:31.958Z] <<< [apiv2][status] POST https://firebasehosting.googleapis.com/v1beta1/projects/-/sites/astoo-9b922/versions 200
[debug] [2026-09-06T11:35:31.958Z] <<< [apiv2][body] POST https://firebasehosting.googleapis.com/v1beta1/projects/-/sites/astoo-9b922/versions {"name":"projects/69884974576/sites/astoo-9b922/versions/3697c8f22d149810","status":"CREATED","config":{},"labels":{"deployment-tool":"cli-firebase"}}
[debug] [2026-09-06T11:35:31.959Z] Checked if tokens are valid: true, expires at: 1788698090747
[debug] [2026-09-06T11:35:31.959Z] Checked if tokens are valid: true, expires at: 1788698090747
[debug] [2026-09-06T11:35:31.959Z] >>> [apiv2][query] GET https://firebase.googleapis.com/v1beta1/projects/astoo-9b922/webApps pageSize=100
[debug] [2026-09-06T11:35:32.692Z] <<< [apiv2][status] GET https://firebase.googleapis.com/v1beta1/projects/astoo-9b922/webApps 200
[debug] [2026-09-06T11:35:32.692Z] <<< [apiv2][body] GET https://firebase.googleapis.com/v1beta1/projects/astoo-9b922/webApps {"apps":[{"name":"projects/astoo-9b922/webApps/1:69884974576:web:a1ccd3ba80db3ff3dd3935","appId":"1:69884974576:web:a1ccd3ba80db3ff3dd3935","displayName":"astool","projectId":"astoo-9b922","webId":"NjgyNWQyOGUtY2NmMi00OGVhLTgxZGMtZmRhNDU4MjJhMmVk","apiKeyId":"bcb06143-157a-464d-a680-a6db2db92f84","state":"ACTIVE","expireTime":"1970-01-01T00:00:00Z","etag":"1_bc277032-b198-4758-a049-344316c5f0cb"}]}
[debug] [2026-09-06T11:35:32.693Z] Checked if tokens are valid: true, expires at: 1788698090747
[debug] [2026-09-06T11:35:32.693Z] Checked if tokens are valid: true, expires at: 1788698090747
[debug] [2026-09-06T11:35:32.693Z] >>> [apiv2][query] GET https://firebaserules.googleapis.com/v1/projects/astoo-9b922/releases pageSize=10&pageToken=
[debug] [2026-09-06T11:35:33.218Z] <<< [apiv2][status] GET https://firebaserules.googleapis.com/v1/projects/astoo-9b922/releases 200
[debug] [2026-09-06T11:35:33.218Z] <<< [apiv2][body] GET https://firebaserules.googleapis.com/v1/projects/astoo-9b922/releases {"releases":[{"name":"projects/astoo-9b922/releases/cloud.firestore","rulesetName":"projects/astoo-9b922/rulesets/9dec22b1-5409-4952-aca4-9e86a9c2b647","createTime":"2026-09-02T12:01:14.945159Z","updateTime":"2026-09-02T12:20:52.123096Z"}]}
[debug] [2026-09-06T11:35:33.219Z] Checked if tokens are valid: true, expires at: 1788698090747
[debug] [2026-09-06T11:35:33.219Z] Checked if tokens are valid: true, expires at: 1788698090747
[debug] [2026-09-06T11:35:33.219Z] >>> [apiv2][query] GET https://firebaserules.googleapis.com/v1/projects/astoo-9b922/rulesets/9dec22b1-5409-4952-aca4-9e86a9c2b647 [none]
[debug] [2026-09-06T11:35:34.044Z] <<< [apiv2][status] GET https://firebaserules.googleapis.com/v1/projects/astoo-9b922/rulesets/9dec22b1-5409-4952-aca4-9e86a9c2b647 200
[debug] [2026-09-06T11:35:34.044Z] <<< [apiv2][body] GET https://firebaserules.googleapis.com/v1/projects/astoo-9b922/rulesets/9dec22b1-5409-4952-aca4-9e86a9c2b647 [omitted]
[info] i  firestore: uploading rules firestore.rules... 
[debug] [2026-09-06T11:35:34.046Z] Checked if tokens are valid: true, expires at: 1788698090747
[debug] [2026-09-06T11:35:34.046Z] Checked if tokens are valid: true, expires at: 1788698090747
[debug] [2026-09-06T11:35:34.046Z] >>> [apiv2][query] POST https://firebaserules.googleapis.com/v1/projects/astoo-9b922/rulesets [none]
[debug] [2026-09-06T11:35:34.046Z] >>> [apiv2][body] POST https://firebaserules.googleapis.com/v1/projects/astoo-9b922/rulesets [omitted]
[debug] [2026-09-06T11:35:35.042Z] <<< [apiv2][status] POST https://firebaserules.googleapis.com/v1/projects/astoo-9b922/rulesets 200
[debug] [2026-09-06T11:35:35.042Z] <<< [apiv2][body] POST https://firebaserules.googleapis.com/v1/projects/astoo-9b922/rulesets {"name":"projects/astoo-9b922/rulesets/822c4e6d-dcbc-46c8-800d-1f907039954b","source":{"files":[{"content":"rules_version = '2';\n\nservice cloud.firestore {\n  match /databases/{database}/documents {\n    function isAdmin() {\n      return request.auth != null && request.auth.token.email == \"moon@astool.com\";\n    }\n\n    function hasText(value, maxLength) {\n      return value is string && value.size() > 0 && value.size() <= maxLength;\n    }\n\n    function validDriverUpdate(updateId) {\n      let publicVehicle = get(/databases/$(database)/documents/publicVehicles/$(request.resource.data.qrToken));\n      let vehicle = get(/databases/$(database)/documents/vehicles/$(publicVehicle.data.vehicleId));\n      return request.auth == null\n        && request.resource.data.keys().hasOnly([\n          'id', 'vehicleId', 'qrToken', 'plateNumber', 'vehicleName', 'driverName', 'nationalId',\n          'previousMileage', 'newMileage', 'notes', 'faultReported', 'issueId', 'createdAt'\n        ])\n        && request.resource.data.id == updateId\n        && request.resource.data.vehicleId == publicVehicle.data.vehicleId\n        && request.resource.data.plateNumber == publicVehicle.data.licensePlate\n        && request.resource.data.vehicleName == publicVehicle.data.vehicleName\n        && hasText(request.resource.data.driverName, 100)\n        && request.resource.data.driverName == vehicle.data.assignedDriverName\n        && request.resource.data.nationalId is string\n        && request.resource.data.nationalId.matches('^[0-9]{10}$')\n        && request.resource.data.nationalId == vehicle.data.assignedDriverNationalId\n        && request.resource.data.previousMileage is int\n        && request.resource.data.newMileage is int\n        && request.resource.data.previousMileage == publicVehicle.data.currentMileage\n        && request.resource.data.newMileage >= request.resource.data.previousMileage\n        && request.resource.data.notes is string\n        && request.resource.data.notes.size() <= 800\n        && request.resource.data.faultReported is bool\n        && request.resource.data.createdAt == request.time\n        && getAfter(/databases/$(database)/documents/vehicles/$(request.resource.data.vehicleId)).data.currentMileage == request.resource.data.newMileage\n        && getAfter(/databases/$(database)/documents/vehicles/$(request.resource.data.vehicleId)).data.lastDriverUpdateId == updateId\n        && getAfter(/databases/$(database)/documents/publicVehicles/$(request.resource.data.qrToken)).data.currentMileage == request.resource.data.newMileage\n        && getAfter(/databases/$(database)/documents/publicVehicles/$(request.resource.data.qrToken)).data.lastDriverUpdateId == updateId;\n    }\n\n    function validPublicVehicleMileageUpdate(vehicleId) {\n      let updateId = request.resource.data.lastDriverUpdateId;\n      let driverUpdate = getAfter(/databases/$(database)/documents/driverUpdates/$(updateId));\n      return request.auth == null\n        && request.resource.data.diff(resource.data).affectedKeys().hasOnly(['currentMileage', 'updatedAt', 'lastDriverUpdateId'])\n        && request.resource.data.currentMileage >= resource.data.currentMileage\n        && request.resource.data.updatedAt is int\n        && updateId is string\n        && driverUpdate.data.vehicleId == vehicleId\n        && driverUpdate.data.previousMileage == resource.data.currentMileage\n        && driverUpdate.data.newMileage == request.resource.data.currentMileage;\n    }\n\n    function validPublicAccessMileageUpdate(token) {\n      let updateId = request.resource.data.lastDriverUpdateId;\n      let driverUpdate = getAfter(/databases/$(database)/documents/driverUpdates/$(updateId));\n      return request.auth == null\n        && request.resource.data.diff(resource.data).affectedKeys().hasOnly(['currentMileage', 'updatedAt', 'lastDriverUpdateId'])\n        && request.resource.data.currentMileage >= resource.data.currentMileage\n        && request.resource.data.updatedAt is int\n        && updateId is string\n        && driverUpdate.data.qrToken == token\n        && driverUpdate.data.vehicleId == resource.data.vehicleId\n        && driverUpdate.data.previousMileage == resource.data.currentMileage\n        && driverUpdate.data.newMileage == request.resource.data.currentMileage;\n    }\n\n    function validIssue(issueId) {\n      let driverUpdate = getAfter(/databases/$(database)/documents/driverUpdates/$(request.resource.data.driverUpdateId));\n      return request.auth == null\n        && request.resource.data.keys().hasOnly([\n          'id', 'vehicleId', 'driverUpdateId', 'plateNumber', 'vehicleName', 'driverName', 'nationalId',\n          'description', 'priority', 'status', 'createdAt'\n        ])\n        && request.resource.data.id == issueId\n        && request.resource.data.driverUpdateId is string\n        && driverUpdate.data.faultReported == true\n        && request.resource.data.vehicleId == driverUpdate.data.vehicleId\n        && request.resource.data.plateNumber == driverUpdate.data.plateNumber\n        && request.resource.data.vehicleName == driverUpdate.data.vehicleName\n        && request.resource.data.driverName == driverUpdate.data.driverName\n        && request.resource.data.nationalId == driverUpdate.data.nationalId\n        && hasText(request.resource.data.description, 800)\n        && request.resource.data.priority in ['منخفضة', 'متوسطة', 'عالية', 'طارئة']\n        && request.resource.data.status == 'جديد'\n        && request.resource.data.createdAt == request.time\n        && request.resource.data.id == driverUpdate.data.issueId;\n    }\n\n    function validDriverAudit(auditId) {\n      let driverUpdate = getAfter(/databases/$(database)/documents/driverUpdates/$(request.resource.data.driverUpdateId));\n      return request.auth == null\n        && request.resource.data.keys().hasOnly([\n          'id', 'actorType', 'actorName', 'actorNationalId', 'action', 'vehicleId', 'plateNumber',\n          'oldData', 'newData', 'driverUpdateId', 'issueId', 'priority', 'createdAt'\n        ])\n        && request.resource.data.id == auditId\n        && request.resource.data.actorType == 'driver'\n        && request.resource.data.actorName == driverUpdate.data.driverName\n        && request.resource.data.actorNationalId == driverUpdate.data.nationalId\n        && request.resource.data.action == 'تحديث ممشى من QR'\n        && request.resource.data.vehicleId == driverUpdate.data.vehicleId\n        && request.resource.data.plateNumber == driverUpdate.data.plateNumber\n        && request.resource.data.driverUpdateId == driverUpdate.data.id\n        && request.resource.data.issueId == driverUpdate.data.issueId\n        && request.resource.data.oldData.currentMileage == driverUpdate.data.previousMileage\n        && request.resource.data.newData.currentMileage == driverUpdate.data.newMileage\n        && request.resource.data.createdAt == request.time;\n    }\n\n    match /publicVehicles/{token} {\n      allow get: if true;\n      allow list: if false;\n      allow create, delete: if isAdmin();\n      allow update: if isAdmin() || validPublicAccessMileageUpdate(token);\n    }\n\n    match /vehicles/{vehicleId} {\n      allow read, create, delete: if isAdmin();\n      allow update: if isAdmin() || validPublicVehicleMileageUpdate(vehicleId);\n    }\n\n    match /driverUpdates/{updateId} {\n      allow read, update, delete: if isAdmin();\n      allow create: if isAdmin() || validDriverUpdate(updateId);\n    }\n\n    match /vehicleIssues/{issueId} {\n      allow read, update, delete: if isAdmin();\n      allow create: if isAdmin() || validIssue(issueId);\n    }\n\n    match /auditLogs/{auditId} {\n      allow read, update, delete: if isAdmin();\n      allow create: if isAdmin() || validDriverAudit(auditId);\n    }\n\n    match /rules/{ruleId} {\n      allow read, write: if isAdmin();\n    }\n\n    match /records/{recordId} {\n      allow read, write: if isAdmin();\n    }\n\n    match /plates/{plateKey} {\n      allow read, write: if isAdmin();\n    }\n\n    match /{document=**} {\n      allow read, write: if false;\n    }\n  }\n}\n","name":"firestore.rules"}]},"createTime":"2026-09-06T11:35:35.044767Z","metadata":{"services":["cloud.firestore"]}}
[debug] [2026-09-06T11:35:35.042Z] [rules] created ruleset projects/astoo-9b922/rulesets/822c4e6d-dcbc-46c8-800d-1f907039954b
[info] i  firestore: deploying indexes... 
[debug] [2026-09-06T11:35:35.044Z] Checked if tokens are valid: true, expires at: 1788698090747
[debug] [2026-09-06T11:35:35.044Z] Checked if tokens are valid: true, expires at: 1788698090747
[debug] [2026-09-06T11:35:35.044Z] >>> [apiv2][query] GET https://firestore.googleapis.com/v1/projects/astoo-9b922/databases/(default)/collectionGroups/-/indexes [none]
[debug] [2026-09-06T11:35:36.400Z] <<< [apiv2][status] GET https://firestore.googleapis.com/v1/projects/astoo-9b922/databases/(default)/collectionGroups/-/indexes 200
[debug] [2026-09-06T11:35:36.400Z] <<< [apiv2][body] GET https://firestore.googleapis.com/v1/projects/astoo-9b922/databases/(default)/collectionGroups/-/indexes {}
[debug] [2026-09-06T11:35:36.401Z] Checked if tokens are valid: true, expires at: 1788698090747
[debug] [2026-09-06T11:35:36.401Z] Checked if tokens are valid: true, expires at: 1788698090747
[debug] [2026-09-06T11:35:36.401Z] >>> [apiv2][query] GET https://firestore.googleapis.com/v1/projects/astoo-9b922/databases/(default)/collectionGroups/-/fields?filter=indexConfig.usesAncestorConfig=false OR ttlConfig:* [none]
[debug] [2026-09-06T11:35:36.826Z] <<< [apiv2][status] GET https://firestore.googleapis.com/v1/projects/astoo-9b922/databases/(default)/collectionGroups/-/fields?filter=indexConfig.usesAncestorConfig=false OR ttlConfig:* 200
[debug] [2026-09-06T11:35:36.827Z] <<< [apiv2][body] GET https://firestore.googleapis.com/v1/projects/astoo-9b922/databases/(default)/collectionGroups/-/fields?filter=indexConfig.usesAncestorConfig=false OR ttlConfig:* {"fields":[{"name":"projects/astoo-9b922/databases/(default)/collectionGroups/__default__/fields/*","indexConfig":{"indexes":[{"queryScope":"COLLECTION","fields":[{"fieldPath":"*","order":"ASCENDING"}],"state":"READY"},{"queryScope":"COLLECTION","fields":[{"fieldPath":"*","order":"DESCENDING"}],"state":"READY"},{"queryScope":"COLLECTION","fields":[{"fieldPath":"*","arrayConfig":"CONTAINS"}],"state":"READY"}]}}]}
[debug] [2026-09-06T11:35:36.827Z] Checked if tokens are valid: true, expires at: 1788698090747
[debug] [2026-09-06T11:35:36.827Z] Checked if tokens are valid: true, expires at: 1788698090747
[debug] [2026-09-06T11:35:36.827Z] >>> [apiv2][query] GET https://firestore.googleapis.com/v1/projects/astoo-9b922/databases/(default) [none]
[debug] [2026-09-06T11:35:37.119Z] <<< [apiv2][status] GET https://firestore.googleapis.com/v1/projects/astoo-9b922/databases/(default) 200
[debug] [2026-09-06T11:35:37.119Z] <<< [apiv2][body] GET https://firestore.googleapis.com/v1/projects/astoo-9b922/databases/(default) {"name":"projects/astoo-9b922/databases/(default)","uid":"75a4197d-4b07-4e73-9c2c-90d6a1316200","createTime":"2026-09-02T12:00:56.704389Z","updateTime":"2026-09-02T12:00:56.704389Z","locationId":"nam5","type":"FIRESTORE_NATIVE","concurrencyMode":"PESSIMISTIC","versionRetentionPeriod":"3600s","earliestVersionTime":"2026-09-06T10:35:37.153821Z","appEngineIntegrationMode":"DISABLED","keyPrefix":"s","pointInTimeRecoveryEnablement":"POINT_IN_TIME_RECOVERY_DISABLED","deleteProtectionState":"DELETE_PROTECTION_DISABLED","databaseEdition":"STANDARD","freeTier":true,"realtimeUpdatesMode":"REALTIME_UPDATES_MODE_ENABLED","enhancedTextSearchQueryMode":"ENHANCED_QUERY_MODE_ENABLED","etag":"ILXW/rPu2ZYDMJfbxozB0ZYD"}
[info] +  firestore: deployed indexes in firestore.indexes.json successfully for (default) database 
[info] i  hosting[astoo-9b922]: beginning deploy... 
[info] i  hosting[astoo-9b922]: found 3 files in dist 
[debug] [2026-09-06T11:35:37.139Z] [hosting] uploading with 200 concurrency
[debug] [2026-09-06T11:35:37.199Z] Checked if tokens are valid: true, expires at: 1788698090747
[debug] [2026-09-06T11:35:37.199Z] Checked if tokens are valid: true, expires at: 1788698090747
[debug] [2026-09-06T11:35:37.201Z] [hosting] hash cache [ZGlzdA] stored for 3 files
[debug] [2026-09-06T11:35:37.202Z] [hosting][hash queue][FINAL] {"max":57,"min":5,"avg":22.666666666666668,"active":0,"complete":3,"success":3,"errored":0,"retried":0,"total":3,"elapsed":62}
[debug] [2026-09-06T11:35:37.202Z] >>> [apiv2][query] POST https://firebasehosting.googleapis.com/v1beta1/projects/69884974576/sites/astoo-9b922/versions/3697c8f22d149810:populateFiles [none]
[debug] [2026-09-06T11:35:37.202Z] >>> [apiv2][body] POST https://firebasehosting.googleapis.com/v1beta1/projects/69884974576/sites/astoo-9b922/versions/3697c8f22d149810:populateFiles {"files":{"/index.html":"68487c20b17c40cd9866d0cd1476b793e84581420334d3af7ec21f882d4d91cf","/assets/index-4kfSjiGW.css":"0a76d1b956151c76120218ae7329f10581422f0335cc01df2982dea6842f07d9","/assets/index-CIYYCrlX.js":"d74fa2a481dc8f4a36e31496238155e3e8bf6dbbeff84d773b9a4d5171f93c93"}}
[debug] [2026-09-06T11:35:38.510Z] <<< [apiv2][status] POST https://firebasehosting.googleapis.com/v1beta1/projects/69884974576/sites/astoo-9b922/versions/3697c8f22d149810:populateFiles 200
[debug] [2026-09-06T11:35:38.510Z] <<< [apiv2][body] POST https://firebasehosting.googleapis.com/v1beta1/projects/69884974576/sites/astoo-9b922/versions/3697c8f22d149810:populateFiles {"uploadRequiredHashes":["68487c20b17c40cd9866d0cd1476b793e84581420334d3af7ec21f882d4d91cf","0a76d1b956151c76120218ae7329f10581422f0335cc01df2982dea6842f07d9","d74fa2a481dc8f4a36e31496238155e3e8bf6dbbeff84d773b9a4d5171f93c93"],"uploadUrl":"https://upload-firebasehosting.googleapis.com/upload/sites/astoo-9b922/versions/3697c8f22d149810/files"}
[debug] [2026-09-06T11:35:38.511Z] Checked if tokens are valid: true, expires at: 1788698090747
[debug] [2026-09-06T11:35:38.511Z] Checked if tokens are valid: true, expires at: 1788698090747
[debug] [2026-09-06T11:35:38.511Z] Checked if tokens are valid: true, expires at: 1788698090747
[debug] [2026-09-06T11:35:38.511Z] Checked if tokens are valid: true, expires at: 1788698090747
[debug] [2026-09-06T11:35:38.512Z] Checked if tokens are valid: true, expires at: 1788698090747
[debug] [2026-09-06T11:35:38.512Z] Checked if tokens are valid: true, expires at: 1788698090747
[debug] [2026-09-06T11:35:38.512Z] >>> [apiv2][query] POST https://upload-firebasehosting.googleapis.com/upload/sites/astoo-9b922/versions/3697c8f22d149810/files/68487c20b17c40cd9866d0cd1476b793e84581420334d3af7ec21f882d4d91cf [none]
[debug] [2026-09-06T11:35:38.512Z] >>> [apiv2][body] POST https://upload-firebasehosting.googleapis.com/upload/sites/astoo-9b922/versions/3697c8f22d149810/files/68487c20b17c40cd9866d0cd1476b793e84581420334d3af7ec21f882d4d91cf [stream]
[debug] [2026-09-06T11:35:38.513Z] >>> [apiv2][query] POST https://upload-firebasehosting.googleapis.com/upload/sites/astoo-9b922/versions/3697c8f22d149810/files/0a76d1b956151c76120218ae7329f10581422f0335cc01df2982dea6842f07d9 [none]
[debug] [2026-09-06T11:35:38.513Z] >>> [apiv2][body] POST https://upload-firebasehosting.googleapis.com/upload/sites/astoo-9b922/versions/3697c8f22d149810/files/0a76d1b956151c76120218ae7329f10581422f0335cc01df2982dea6842f07d9 [stream]
[debug] [2026-09-06T11:35:38.514Z] >>> [apiv2][query] POST https://upload-firebasehosting.googleapis.com/upload/sites/astoo-9b922/versions/3697c8f22d149810/files/d74fa2a481dc8f4a36e31496238155e3e8bf6dbbeff84d773b9a4d5171f93c93 [none]
[debug] [2026-09-06T11:35:38.514Z] >>> [apiv2][body] POST https://upload-firebasehosting.googleapis.com/upload/sites/astoo-9b922/versions/3697c8f22d149810/files/d74fa2a481dc8f4a36e31496238155e3e8bf6dbbeff84d773b9a4d5171f93c93 [stream]
[debug] [2026-09-06T11:35:38.517Z] [hosting][populate queue][FINAL] {"max":1313,"min":1313,"avg":1313,"active":0,"complete":1,"success":1,"errored":0,"retried":0,"total":1,"elapsed":1318}
[debug] [2026-09-06T11:35:38.517Z] [hosting] uploads queued: 3
[info] i  hosting: uploading new files [0/3] (0%) 
[debug] [2026-09-06T11:35:39.880Z] <<< [apiv2][status] POST https://upload-firebasehosting.googleapis.com/upload/sites/astoo-9b922/versions/3697c8f22d149810/files/0a76d1b956151c76120218ae7329f10581422f0335cc01df2982dea6842f07d9 200
[debug] [2026-09-06T11:35:39.881Z] <<< [apiv2][body] POST https://upload-firebasehosting.googleapis.com/upload/sites/astoo-9b922/versions/3697c8f22d149810/files/0a76d1b956151c76120218ae7329f10581422f0335cc01df2982dea6842f07d9 [stream]
[debug] [2026-09-06T11:35:40.012Z] <<< [apiv2][status] POST https://upload-firebasehosting.googleapis.com/upload/sites/astoo-9b922/versions/3697c8f22d149810/files/68487c20b17c40cd9866d0cd1476b793e84581420334d3af7ec21f882d4d91cf 200
[debug] [2026-09-06T11:35:40.012Z] <<< [apiv2][body] POST https://upload-firebasehosting.googleapis.com/upload/sites/astoo-9b922/versions/3697c8f22d149810/files/68487c20b17c40cd9866d0cd1476b793e84581420334d3af7ec21f882d4d91cf [stream]
[debug] [2026-09-06T11:35:40.440Z] <<< [apiv2][status] POST https://upload-firebasehosting.googleapis.com/upload/sites/astoo-9b922/versions/3697c8f22d149810/files/d74fa2a481dc8f4a36e31496238155e3e8bf6dbbeff84d773b9a4d5171f93c93 200
[debug] [2026-09-06T11:35:40.441Z] <<< [apiv2][body] POST https://upload-firebasehosting.googleapis.com/upload/sites/astoo-9b922/versions/3697c8f22d149810/files/d74fa2a481dc8f4a36e31496238155e3e8bf6dbbeff84d773b9a4d5171f93c93 [stream]
[debug] [2026-09-06T11:35:40.441Z] [hosting][upload queue][FINAL] {"max":1930,"min":1370,"avg":1600.6666666666667,"active":0,"complete":3,"success":3,"errored":0,"retried":0,"total":3,"elapsed":1931}
[info] i  hosting: upload complete 
[info] +  hosting[astoo-9b922]: file upload complete 
[debug] [2026-09-06T11:35:40.441Z] [hosting] deploy completed after 3318ms
[info] Enabling auth providers: email/password...
[debug] [2026-09-06T11:35:40.442Z] [provision] Starting Firebase app provisioning...
[debug] [2026-09-06T11:35:40.442Z] [provision] Request: {
  "appNamespace": "1:69884974576:web:a1ccd3ba80db3ff3dd3935",
  "parent": "projects/astoo-9b922",
  "firebaseAuthInput": {
    "emailAuthProviderMode": "PROVIDER_ENABLED"
  },
  "webInput": {}
}
[debug] [2026-09-06T11:35:40.442Z] Checked if tokens are valid: true, expires at: 1788698090747
[debug] [2026-09-06T11:35:40.442Z] Checked if tokens are valid: true, expires at: 1788698090747
[debug] [2026-09-06T11:35:40.442Z] >>> [apiv2][query] POST https://firebase.googleapis.com/v1alpha/firebase:provisionFirebaseApp [none]
[debug] [2026-09-06T11:35:40.443Z] >>> [apiv2][body] POST https://firebase.googleapis.com/v1alpha/firebase:provisionFirebaseApp {"appNamespace":"1:69884974576:web:a1ccd3ba80db3ff3dd3935","parent":"projects/astoo-9b922","firebaseAuthInput":{"emailAuthProviderMode":"PROVIDER_ENABLED"},"webInput":{}}
[debug] [2026-09-06T11:35:41.979Z] <<< [apiv2][status] POST https://firebase.googleapis.com/v1alpha/firebase:provisionFirebaseApp 200
[debug] [2026-09-06T11:35:41.979Z] <<< [apiv2][body] POST https://firebase.googleapis.com/v1alpha/firebase:provisionFirebaseApp {"name":"operations/workflows/MmNjZWYxNzEtNDYwMS00MTE4LTkwM2YtNWQ1NjQxNjY5OGEx"}
[debug] [2026-09-06T11:35:41.979Z] [provision] Operation started: operations/workflows/MmNjZWYxNzEtNDYwMS00MTE4LTkwM2YtNWQ1NjQxNjY5OGEx
[debug] [2026-09-06T11:35:41.979Z] [provision] Polling for operation completion...
[debug] [2026-09-06T11:35:41.980Z] Checked if tokens are valid: true, expires at: 1788698090747
[debug] [2026-09-06T11:35:41.980Z] Checked if tokens are valid: true, expires at: 1788698090747
[debug] [2026-09-06T11:35:41.980Z] >>> [apiv2][query] GET https://firebase.googleapis.com/v1beta1/operations/workflows/MmNjZWYxNzEtNDYwMS00MTE4LTkwM2YtNWQ1NjQxNjY5OGEx [none]
[debug] [2026-09-06T11:35:42.510Z] <<< [apiv2][status] GET https://firebase.googleapis.com/v1beta1/operations/workflows/MmNjZWYxNzEtNDYwMS00MTE4LTkwM2YtNWQ1NjQxNjY5OGEx 200
[debug] [2026-09-06T11:35:42.511Z] <<< [apiv2][body] GET https://firebase.googleapis.com/v1beta1/operations/workflows/MmNjZWYxNzEtNDYwMS00MTE4LTkwM2YtNWQ1NjQxNjY5OGEx {"name":"operations/workflows/MmNjZWYxNzEtNDYwMS00MTE4LTkwM2YtNWQ1NjQxNjY5OGEx"}
[debug] [2026-09-06T11:35:42.716Z] [Provision Firebase App Poller] Retrying task index 0
[debug] [2026-09-06T11:35:42.716Z] Checked if tokens are valid: true, expires at: 1788698090747
[debug] [2026-09-06T11:35:42.716Z] Checked if tokens are valid: true, expires at: 1788698090747
[debug] [2026-09-06T11:35:42.716Z] >>> [apiv2][query] GET https://firebase.googleapis.com/v1beta1/operations/workflows/MmNjZWYxNzEtNDYwMS00MTE4LTkwM2YtNWQ1NjQxNjY5OGEx [none]
[debug] [2026-09-06T11:35:43.293Z] <<< [apiv2][status] GET https://firebase.googleapis.com/v1beta1/operations/workflows/MmNjZWYxNzEtNDYwMS00MTE4LTkwM2YtNWQ1NjQxNjY5OGEx 200
[debug] [2026-09-06T11:35:43.293Z] <<< [apiv2][body] GET https://firebase.googleapis.com/v1beta1/operations/workflows/MmNjZWYxNzEtNDYwMS00MTE4LTkwM2YtNWQ1NjQxNjY5OGEx {"name":"operations/workflows/MmNjZWYxNzEtNDYwMS00MTE4LTkwM2YtNWQ1NjQxNjY5OGEx"}
[debug] [2026-09-06T11:35:43.700Z] [Provision Firebase App Poller] Retrying task index 0
[debug] [2026-09-06T11:35:43.700Z] Checked if tokens are valid: true, expires at: 1788698090747
[debug] [2026-09-06T11:35:43.700Z] Checked if tokens are valid: true, expires at: 1788698090747
[debug] [2026-09-06T11:35:43.700Z] >>> [apiv2][query] GET https://firebase.googleapis.com/v1beta1/operations/workflows/MmNjZWYxNzEtNDYwMS00MTE4LTkwM2YtNWQ1NjQxNjY5OGEx [none]
[debug] [2026-09-06T11:35:44.249Z] <<< [apiv2][status] GET https://firebase.googleapis.com/v1beta1/operations/workflows/MmNjZWYxNzEtNDYwMS00MTE4LTkwM2YtNWQ1NjQxNjY5OGEx 200
[debug] [2026-09-06T11:35:44.249Z] <<< [apiv2][body] GET https://firebase.googleapis.com/v1beta1/operations/workflows/MmNjZWYxNzEtNDYwMS00MTE4LTkwM2YtNWQ1NjQxNjY5OGEx {"name":"operations/workflows/MmNjZWYxNzEtNDYwMS00MTE4LTkwM2YtNWQ1NjQxNjY5OGEx"}
[debug] [2026-09-06T11:35:45.064Z] [Provision Firebase App Poller] Retrying task index 0
[debug] [2026-09-06T11:35:45.064Z] Checked if tokens are valid: true, expires at: 1788698090747
[debug] [2026-09-06T11:35:45.064Z] Checked if tokens are valid: true, expires at: 1788698090747
[debug] [2026-09-06T11:35:45.064Z] >>> [apiv2][query] GET https://firebase.googleapis.com/v1beta1/operations/workflows/MmNjZWYxNzEtNDYwMS00MTE4LTkwM2YtNWQ1NjQxNjY5OGEx [none]
[debug] [2026-09-06T11:35:45.528Z] <<< [apiv2][status] GET https://firebase.googleapis.com/v1beta1/operations/workflows/MmNjZWYxNzEtNDYwMS00MTE4LTkwM2YtNWQ1NjQxNjY5OGEx 200
[debug] [2026-09-06T11:35:45.529Z] <<< [apiv2][body] GET https://firebase.googleapis.com/v1beta1/operations/workflows/MmNjZWYxNzEtNDYwMS00MTE4LTkwM2YtNWQ1NjQxNjY5OGEx {"name":"operations/workflows/MmNjZWYxNzEtNDYwMS00MTE4LTkwM2YtNWQ1NjQxNjY5OGEx"}
[debug] [2026-09-06T11:35:47.139Z] [Provision Firebase App Poller] Retrying task index 0
[debug] [2026-09-06T11:35:47.139Z] Checked if tokens are valid: true, expires at: 1788698090747
[debug] [2026-09-06T11:35:47.139Z] Checked if tokens are valid: true, expires at: 1788698090747
[debug] [2026-09-06T11:35:47.139Z] >>> [apiv2][query] GET https://firebase.googleapis.com/v1beta1/operations/workflows/MmNjZWYxNzEtNDYwMS00MTE4LTkwM2YtNWQ1NjQxNjY5OGEx [none]
[debug] [2026-09-06T11:35:47.620Z] <<< [apiv2][status] GET https://firebase.googleapis.com/v1beta1/operations/workflows/MmNjZWYxNzEtNDYwMS00MTE4LTkwM2YtNWQ1NjQxNjY5OGEx 200
[debug] [2026-09-06T11:35:47.620Z] <<< [apiv2][body] GET https://firebase.googleapis.com/v1beta1/operations/workflows/MmNjZWYxNzEtNDYwMS00MTE4LTkwM2YtNWQ1NjQxNjY5OGEx {"name":"operations/workflows/MmNjZWYxNzEtNDYwMS00MTE4LTkwM2YtNWQ1NjQxNjY5OGEx"}
[debug] [2026-09-06T11:35:50.832Z] [Provision Firebase App Poller] Retrying task index 0
[debug] [2026-09-06T11:35:50.832Z] Checked if tokens are valid: true, expires at: 1788698090747
[debug] [2026-09-06T11:35:50.832Z] Checked if tokens are valid: true, expires at: 1788698090747
[debug] [2026-09-06T11:35:50.833Z] >>> [apiv2][query] GET https://firebase.googleapis.com/v1beta1/operations/workflows/MmNjZWYxNzEtNDYwMS00MTE4LTkwM2YtNWQ1NjQxNjY5OGEx [none]
[debug] [2026-09-06T11:35:51.426Z] <<< [apiv2][status] GET https://firebase.googleapis.com/v1beta1/operations/workflows/MmNjZWYxNzEtNDYwMS00MTE4LTkwM2YtNWQ1NjQxNjY5OGEx 200
[debug] [2026-09-06T11:35:51.427Z] <<< [apiv2][body] GET https://firebase.googleapis.com/v1beta1/operations/workflows/MmNjZWYxNzEtNDYwMS00MTE4LTkwM2YtNWQ1NjQxNjY5OGEx {"name":"operations/workflows/MmNjZWYxNzEtNDYwMS00MTE4LTkwM2YtNWQ1NjQxNjY5OGEx","done":true,"response":{"@type":"type.googleapis.com/google.firebase.service.v1alpha.ProvisionFirebaseAppResponse","configMimeType":"application/json","configData":"ewogICJ2ZXJzaW9uIjogIjIiLAogICJwcm9qZWN0TnVtYmVyIjogIjY5ODg0OTc0NTc2IiwKICAicHJvamVjdElkIjogImFzdG9vLTliOTIyIiwKICAiYXBwSWQiOiAiMTo2OTg4NDk3NDU3Njp3ZWI6YTFjY2QzYmE4MGRiM2ZmM2RkMzkzNSIsCiAgInJlYWx0aW1lRGF0YWJhc2VJbnN0YW5jZVVyaSI6ICIiLAogICJyZWFsdGltZURhdGFiYXNlVXJsIjogIiIsCiAgInN0b3JhZ2VCdWNrZXQiOiAiYXN0b28tOWI5MjIuZmlyZWJhc2VzdG9yYWdlLmFwcCIsCiAgImxvY2F0aW9uSWQiOiAiIiwKICAiYXBpS2V5IjogIkFJemFTeUN4U2lLRjRRbnNtSS14VjRsS3hVUEVwdkZfR3NSS2hLWSIsCiAgImF1dGhEb21haW4iOiAiYXN0b28tOWI5MjIuZmlyZWJhc2VhcHAuY29tIiwKICAibWVzc2FnaW5nU2VuZGVySWQiOiAiNjk4ODQ5NzQ1NzYiLAogICJtZWFzdXJlbWVudElkIjogIkctOFNCQ0VQUkMyTiIsCiAgInJlY2FwdGNoYVNpdGVLZXkiOiAiIgp9","appResource":"projects/astoo-9b922/apps/1:69884974576:web:a1ccd3ba80db3ff3dd3935"}}
[debug] [2026-09-06T11:35:51.427Z] [provision] Firebase app provisioning completed successfully
[info] +  Auth providers enabled: email/password 
[debug] [2026-09-06T11:35:51.427Z] [rules] releasing cloud.firestore with ruleset projects/astoo-9b922/rulesets/822c4e6d-dcbc-46c8-800d-1f907039954b
[debug] [2026-09-06T11:35:51.428Z] Checked if tokens are valid: true, expires at: 1788698090747
[debug] [2026-09-06T11:35:51.428Z] Checked if tokens are valid: true, expires at: 1788698090747
[debug] [2026-09-06T11:35:51.428Z] >>> [apiv2][query] PATCH https://firebaserules.googleapis.com/v1/projects/astoo-9b922/releases/cloud.firestore [none]
[debug] [2026-09-06T11:35:51.428Z] >>> [apiv2][body] PATCH https://firebaserules.googleapis.com/v1/projects/astoo-9b922/releases/cloud.firestore {"release":{"name":"projects/astoo-9b922/releases/cloud.firestore","rulesetName":"projects/astoo-9b922/rulesets/822c4e6d-dcbc-46c8-800d-1f907039954b"}}
[debug] [2026-09-06T11:35:52.678Z] <<< [apiv2][status] PATCH https://firebaserules.googleapis.com/v1/projects/astoo-9b922/releases/cloud.firestore 200
[debug] [2026-09-06T11:35:52.679Z] <<< [apiv2][body] PATCH https://firebaserules.googleapis.com/v1/projects/astoo-9b922/releases/cloud.firestore {"name":"projects/astoo-9b922/releases/cloud.firestore","rulesetName":"projects/astoo-9b922/rulesets/822c4e6d-dcbc-46c8-800d-1f907039954b","createTime":"2026-09-02T12:01:14.945159Z","updateTime":"2026-09-06T11:35:52.691266Z"}
[debug] [2026-09-06T11:35:52.679Z] [rules] updated release projects/astoo-9b922/releases/cloud.firestore
[info] +  firestore: released rules firestore.rules to cloud.firestore 
[debug] [2026-09-06T11:35:52.679Z] [
  {
    "config": {
      "public": "dist",
      "ignore": [
        "firebase.json",
        "**/.*",
        "**/node_modules/**"
      ],
      "rewrites": [
        {
          "source": "**",
          "destination": "/index.html"
        }
      ],
      "site": "astoo-9b922"
    },
    "version": "projects/69884974576/sites/astoo-9b922/versions/3697c8f22d149810"
  }
]
[info] i  hosting[astoo-9b922]: finalizing version... 
[debug] [2026-09-06T11:35:52.681Z] Checked if tokens are valid: true, expires at: 1788698090747
[debug] [2026-09-06T11:35:52.681Z] Checked if tokens are valid: true, expires at: 1788698090747
[debug] [2026-09-06T11:35:52.681Z] >>> [apiv2][query] PATCH https://firebasehosting.googleapis.com/v1beta1/projects/-/sites/astoo-9b922/versions/3697c8f22d149810 updateMask=status%2Cconfig
[debug] [2026-09-06T11:35:52.681Z] >>> [apiv2][body] PATCH https://firebasehosting.googleapis.com/v1beta1/projects/-/sites/astoo-9b922/versions/3697c8f22d149810 {"status":"FINALIZED","config":{"rewrites":[{"glob":"**","path":"/index.html"}]}}
[debug] [2026-09-06T11:35:54.752Z] <<< [apiv2][status] PATCH https://firebasehosting.googleapis.com/v1beta1/projects/-/sites/astoo-9b922/versions/3697c8f22d149810 200
[debug] [2026-09-06T11:35:54.753Z] <<< [apiv2][body] PATCH https://firebasehosting.googleapis.com/v1beta1/projects/-/sites/astoo-9b922/versions/3697c8f22d149810 {"name":"projects/69884974576/sites/astoo-9b922/versions/3697c8f22d149810","status":"FINALIZED","config":{"rewrites":[{"glob":"**","path":"/index.html"}]},"labels":{"deployment-tool":"cli-firebase"},"createTime":"2026-09-06T11:35:30.714064Z","createUser":{"email":"mohmad3mmar017@gmail.com"},"finalizeTime":"2026-09-06T11:35:54.658513Z","finalizeUser":{"email":"mohmad3mmar017@gmail.com"}}
[debug] [2026-09-06T11:35:54.753Z] [hosting] finalized version for astoo-9b922:[object Object]
[info] +  hosting[astoo-9b922]: version finalized 
[info] i  hosting[astoo-9b922]: releasing new version... 
[debug] [2026-09-06T11:35:54.753Z] Checked if tokens are valid: true, expires at: 1788698090747
[debug] [2026-09-06T11:35:54.753Z] Checked if tokens are valid: true, expires at: 1788698090747
[debug] [2026-09-06T11:35:54.753Z] >>> [apiv2][query] POST https://firebasehosting.googleapis.com/v1beta1/projects/-/sites/astoo-9b922/channels/live/releases versionName=projects%2F69884974576%2Fsites%2Fastoo-9b922%2Fversions%2F3697c8f22d149810
[debug] [2026-09-06T11:35:54.754Z] >>> [apiv2][body] POST https://firebasehosting.googleapis.com/v1beta1/projects/-/sites/astoo-9b922/channels/live/releases {}
[debug] [2026-09-06T11:35:56.199Z] <<< [apiv2][status] POST https://firebasehosting.googleapis.com/v1beta1/projects/-/sites/astoo-9b922/channels/live/releases 200
[debug] [2026-09-06T11:35:56.200Z] <<< [apiv2][body] POST https://firebasehosting.googleapis.com/v1beta1/projects/-/sites/astoo-9b922/channels/live/releases {"name":"projects/69884974576/sites/astoo-9b922/channels/live/releases/1788694555169000","version":{"name":"projects/69884974576/sites/astoo-9b922/versions/3697c8f22d149810","status":"FINALIZED","config":{"rewrites":[{"glob":"**","path":"/index.html"}]},"labels":{"deployment-tool":"cli-firebase"},"createTime":"2026-09-06T11:35:30.714064Z","createUser":{"email":"mohmad3mmar017@gmail.com","imageUrl":"https://lh3.googleusercontent.com/a/ACg8ocJe7LRH8_wW2sc61ZZcVZ3mRErFo38Q2IRlVd-76PW91FwHtw=mo"},"finalizeTime":"2026-09-06T11:35:54.658513Z","finalizeUser":{"email":"mohmad3mmar017@gmail.com","imageUrl":"https://lh3.googleusercontent.com/a/ACg8ocJe7LRH8_wW2sc61ZZcVZ3mRErFo38Q2IRlVd-76PW91FwHtw=mo"}},"type":"DEPLOY","releaseTime":"2026-09-06T11:35:55.169Z","releaseUser":{"email":"mohmad3mmar017@gmail.com","imageUrl":"https://lh3.googleusercontent.com/a/ACg8ocJe7LRH8_wW2sc61ZZcVZ3mRErFo38Q2IRlVd-76PW91FwHtw=mo"}}
[debug] [2026-09-06T11:35:56.200Z] [hosting] release: {"name":"projects/69884974576/sites/astoo-9b922/channels/live/releases/1788694555169000","version":{"name":"projects/69884974576/sites/astoo-9b922/versions/3697c8f22d149810","status":"FINALIZED","config":{"rewrites":[{"glob":"**","path":"/index.html"}]},"labels":{"deployment-tool":"cli-firebase"},"createTime":"2026-09-06T11:35:30.714064Z","createUser":{"email":"mohmad3mmar017@gmail.com","imageUrl":"https://lh3.googleusercontent.com/a/ACg8ocJe7LRH8_wW2sc61ZZcVZ3mRErFo38Q2IRlVd-76PW91FwHtw=mo"},"finalizeTime":"2026-09-06T11:35:54.658513Z","finalizeUser":{"email":"mohmad3mmar017@gmail.com","imageUrl":"https://lh3.googleusercontent.com/a/ACg8ocJe7LRH8_wW2sc61ZZcVZ3mRErFo38Q2IRlVd-76PW91FwHtw=mo"}},"type":"DEPLOY","releaseTime":"2026-09-06T11:35:55.169Z","releaseUser":{"email":"mohmad3mmar017@gmail.com","imageUrl":"https://lh3.googleusercontent.com/a/ACg8ocJe7LRH8_wW2sc61ZZcVZ3mRErFo38Q2IRlVd-76PW91FwHtw=mo"}}
[info] +  hosting[astoo-9b922]: release complete 
[info] 
[info] +  Deploy complete! 
[info] 
[info] Project Console: https://console.firebase.google.com/project/astoo-9b922/overview
[info] Hosting URL: https://astoo-9b922.web.app
[debug] [2026-09-06T11:37:20.680Z] ----------------------------------------------------------------------
[debug] [2026-09-06T11:37:20.686Z] Command:       C:\Program Files\nodejs\node.exe C:\Users\mohlb\Downloads\نظام-إدارة-أسطول-السيارات (4)\node_modules\firebase-tools\lib\bin\firebase.js deploy --only hosting --project astoo-9b922
[debug] [2026-09-06T11:37:20.687Z] CLI Version:   15.28.2
[debug] [2026-09-06T11:37:20.687Z] Platform:      win32
[debug] [2026-09-06T11:37:20.687Z] Node Version:  v25.6.0
[debug] [2026-09-06T11:37:20.687Z] Detected Agent: codex_cli
[debug] [2026-09-06T11:37:20.688Z] Time:          Sun Sep 06 2026 14:37:20 GMT+0300 (Arabian Standard Time)
[debug] [2026-09-06T11:37:20.688Z] ----------------------------------------------------------------------
[debug] 
[debug] [2026-09-06T11:37:23.038Z] > command requires scopes: ["email","openid","https://www.googleapis.com/auth/cloudplatformprojects.readonly","https://www.googleapis.com/auth/firebase","https://www.googleapis.com/auth/cloud-platform"]
[debug] [2026-09-06T11:37:23.038Z] > authorizing via signed-in user (mohmad3mmar017@gmail.com)
[debug] [2026-09-06T11:37:23.038Z] [iam] checking project astoo-9b922 for permissions ["firebase.projects.get","firebasehosting.sites.update"]
[debug] [2026-09-06T11:37:23.055Z] Checked if tokens are valid: true, expires at: 1788698090747
[debug] [2026-09-06T11:37:23.055Z] Checked if tokens are valid: true, expires at: 1788698090747
[debug] [2026-09-06T11:37:23.056Z] >>> [apiv2][query] POST https://cloudresourcemanager.googleapis.com/v1/projects/astoo-9b922:testIamPermissions [none]
[debug] [2026-09-06T11:37:23.057Z] >>> [apiv2][(partial)header] POST https://cloudresourcemanager.googleapis.com/v1/projects/astoo-9b922:testIamPermissions  x-goog-user-project=astoo-9b922
[debug] [2026-09-06T11:37:23.057Z] >>> [apiv2][body] POST https://cloudresourcemanager.googleapis.com/v1/projects/astoo-9b922:testIamPermissions {"permissions":["firebase.projects.get","firebasehosting.sites.update"]}
[debug] [2026-09-06T11:37:23.516Z] <<< [apiv2][status] POST https://cloudresourcemanager.googleapis.com/v1/projects/astoo-9b922:testIamPermissions 200
[debug] [2026-09-06T11:37:23.516Z] <<< [apiv2][body] POST https://cloudresourcemanager.googleapis.com/v1/projects/astoo-9b922:testIamPermissions {"permissions":["firebase.projects.get","firebasehosting.sites.update"]}
[debug] [2026-09-06T11:37:23.517Z] Checked if tokens are valid: true, expires at: 1788698090747
[debug] [2026-09-06T11:37:23.517Z] Checked if tokens are valid: true, expires at: 1788698090747
[debug] [2026-09-06T11:37:23.517Z] >>> [apiv2][query] GET https://firebase.googleapis.com/v1beta1/projects/astoo-9b922 [none]
[debug] [2026-09-06T11:37:24.183Z] <<< [apiv2][status] GET https://firebase.googleapis.com/v1beta1/projects/astoo-9b922 200
[debug] [2026-09-06T11:37:24.183Z] <<< [apiv2][body] GET https://firebase.googleapis.com/v1beta1/projects/astoo-9b922 {"projectId":"astoo-9b922","projectNumber":"69884974576","displayName":"astool","name":"projects/astoo-9b922","resources":{"hostingSite":"astoo-9b922"},"state":"ACTIVE","labels":{"firebase":"enabled"},"etag":"1_e2e9af7a-4d49-4f8c-8dd3-420425aebf45"}
[info] 
[info] === Deploying to 'astoo-9b922'...
[info] 
[info] i  deploying hosting 
[debug] [2026-09-06T11:37:24.187Z] Checked if tokens are valid: true, expires at: 1788698090747
[debug] [2026-09-06T11:37:24.187Z] Checked if tokens are valid: true, expires at: 1788698090747
[debug] [2026-09-06T11:37:24.187Z] >>> [apiv2][query] GET https://firebasehosting.googleapis.com/v1beta1/projects/astoo-9b922/sites/astoo-9b922 [none]
[debug] [2026-09-06T11:37:25.454Z] <<< [apiv2][status] GET https://firebasehosting.googleapis.com/v1beta1/projects/astoo-9b922/sites/astoo-9b922 200
[debug] [2026-09-06T11:37:25.455Z] <<< [apiv2][body] GET https://firebasehosting.googleapis.com/v1beta1/projects/astoo-9b922/sites/astoo-9b922 {"name":"projects/astoo-9b922/sites/astoo-9b922","defaultUrl":"https://astoo-9b922.web.app","type":"DEFAULT_SITE"}
[debug] [2026-09-06T11:37:25.458Z] Checked if tokens are valid: true, expires at: 1788698090747
[debug] [2026-09-06T11:37:25.458Z] Checked if tokens are valid: true, expires at: 1788698090747
[debug] [2026-09-06T11:37:25.459Z] >>> [apiv2][query] POST https://firebasehosting.googleapis.com/v1beta1/projects/-/sites/astoo-9b922/versions [none]
[debug] [2026-09-06T11:37:25.459Z] >>> [apiv2][body] POST https://firebasehosting.googleapis.com/v1beta1/projects/-/sites/astoo-9b922/versions {"status":"CREATED","labels":{"deployment-tool":"cli-firebase"}}
[debug] [2026-09-06T11:37:27.315Z] <<< [apiv2][status] POST https://firebasehosting.googleapis.com/v1beta1/projects/-/sites/astoo-9b922/versions 200
[debug] [2026-09-06T11:37:27.315Z] <<< [apiv2][body] POST https://firebasehosting.googleapis.com/v1beta1/projects/-/sites/astoo-9b922/versions {"name":"projects/69884974576/sites/astoo-9b922/versions/24f2ded7f0aefa46","status":"CREATED","config":{},"labels":{"deployment-tool":"cli-firebase"}}
[info] i  hosting[astoo-9b922]: beginning deploy... 
[info] i  hosting[astoo-9b922]: found 3 files in dist 
[debug] [2026-09-06T11:37:27.331Z] [hosting] uploading with 200 concurrency
[debug] [2026-09-06T11:37:27.397Z] Checked if tokens are valid: true, expires at: 1788698090747
[debug] [2026-09-06T11:37:27.397Z] Checked if tokens are valid: true, expires at: 1788698090747
[debug] [2026-09-06T11:37:27.399Z] [hosting] hash cache [ZGlzdA] stored for 3 files
[debug] [2026-09-06T11:37:27.399Z] [hosting][hash queue][FINAL] {"max":63,"min":4,"avg":26.333333333333332,"active":0,"complete":3,"success":3,"errored":0,"retried":0,"total":3,"elapsed":67}
[debug] [2026-09-06T11:37:27.400Z] >>> [apiv2][query] POST https://firebasehosting.googleapis.com/v1beta1/projects/69884974576/sites/astoo-9b922/versions/24f2ded7f0aefa46:populateFiles [none]
[debug] [2026-09-06T11:37:27.400Z] >>> [apiv2][body] POST https://firebasehosting.googleapis.com/v1beta1/projects/69884974576/sites/astoo-9b922/versions/24f2ded7f0aefa46:populateFiles {"files":{"/index.html":"ae075ed31308b787d639d5e40cb15895b2734dc704c5ad28e1e49c43197c87ad","/assets/index-4kfSjiGW.css":"0a76d1b956151c76120218ae7329f10581422f0335cc01df2982dea6842f07d9","/assets/index-CKqMK1cb.js":"3e33e834a9c71d6f6e452cf874a0883ebf4ddacd2057a2e93e1acfcf7a7c82c3"}}
[debug] [2026-09-06T11:37:28.302Z] <<< [apiv2][status] POST https://firebasehosting.googleapis.com/v1beta1/projects/69884974576/sites/astoo-9b922/versions/24f2ded7f0aefa46:populateFiles 200
[debug] [2026-09-06T11:37:28.302Z] <<< [apiv2][body] POST https://firebasehosting.googleapis.com/v1beta1/projects/69884974576/sites/astoo-9b922/versions/24f2ded7f0aefa46:populateFiles {"uploadRequiredHashes":["ae075ed31308b787d639d5e40cb15895b2734dc704c5ad28e1e49c43197c87ad","3e33e834a9c71d6f6e452cf874a0883ebf4ddacd2057a2e93e1acfcf7a7c82c3"],"uploadUrl":"https://upload-firebasehosting.googleapis.com/upload/sites/astoo-9b922/versions/24f2ded7f0aefa46/files"}
[debug] [2026-09-06T11:37:28.303Z] Checked if tokens are valid: true, expires at: 1788698090747
[debug] [2026-09-06T11:37:28.303Z] Checked if tokens are valid: true, expires at: 1788698090747
[debug] [2026-09-06T11:37:28.303Z] Checked if tokens are valid: true, expires at: 1788698090747
[debug] [2026-09-06T11:37:28.303Z] Checked if tokens are valid: true, expires at: 1788698090747
[debug] [2026-09-06T11:37:28.303Z] >>> [apiv2][query] POST https://upload-firebasehosting.googleapis.com/upload/sites/astoo-9b922/versions/24f2ded7f0aefa46/files/ae075ed31308b787d639d5e40cb15895b2734dc704c5ad28e1e49c43197c87ad [none]
[debug] [2026-09-06T11:37:28.303Z] >>> [apiv2][body] POST https://upload-firebasehosting.googleapis.com/upload/sites/astoo-9b922/versions/24f2ded7f0aefa46/files/ae075ed31308b787d639d5e40cb15895b2734dc704c5ad28e1e49c43197c87ad [stream]
[debug] [2026-09-06T11:37:28.305Z] >>> [apiv2][query] POST https://upload-firebasehosting.googleapis.com/upload/sites/astoo-9b922/versions/24f2ded7f0aefa46/files/3e33e834a9c71d6f6e452cf874a0883ebf4ddacd2057a2e93e1acfcf7a7c82c3 [none]
[debug] [2026-09-06T11:37:28.305Z] >>> [apiv2][body] POST https://upload-firebasehosting.googleapis.com/upload/sites/astoo-9b922/versions/24f2ded7f0aefa46/files/3e33e834a9c71d6f6e452cf874a0883ebf4ddacd2057a2e93e1acfcf7a7c82c3 [stream]
[debug] [2026-09-06T11:37:28.307Z] [hosting][populate queue][FINAL] {"max":906,"min":906,"avg":906,"active":0,"complete":1,"success":1,"errored":0,"retried":0,"total":1,"elapsed":910}
[debug] [2026-09-06T11:37:28.307Z] [hosting] uploads queued: 2
[info] i  hosting: uploading new files [0/2] (0%) 
[debug] [2026-09-06T11:37:29.402Z] <<< [apiv2][status] POST https://upload-firebasehosting.googleapis.com/upload/sites/astoo-9b922/versions/24f2ded7f0aefa46/files/ae075ed31308b787d639d5e40cb15895b2734dc704c5ad28e1e49c43197c87ad 200
[debug] [2026-09-06T11:37:29.402Z] <<< [apiv2][body] POST https://upload-firebasehosting.googleapis.com/upload/sites/astoo-9b922/versions/24f2ded7f0aefa46/files/ae075ed31308b787d639d5e40cb15895b2734dc704c5ad28e1e49c43197c87ad [stream]
[debug] [2026-09-06T11:37:30.382Z] <<< [apiv2][status] POST https://upload-firebasehosting.googleapis.com/upload/sites/astoo-9b922/versions/24f2ded7f0aefa46/files/3e33e834a9c71d6f6e452cf874a0883ebf4ddacd2057a2e93e1acfcf7a7c82c3 200
[debug] [2026-09-06T11:37:30.383Z] <<< [apiv2][body] POST https://upload-firebasehosting.googleapis.com/upload/sites/astoo-9b922/versions/24f2ded7f0aefa46/files/3e33e834a9c71d6f6e452cf874a0883ebf4ddacd2057a2e93e1acfcf7a7c82c3 [stream]
[debug] [2026-09-06T11:37:30.383Z] [hosting][upload queue][FINAL] {"max":2080,"min":1100,"avg":1590,"active":0,"complete":2,"success":2,"errored":0,"retried":0,"total":2,"elapsed":2081}
[info] i  hosting: upload complete 
[info] +  hosting[astoo-9b922]: file upload complete 
[debug] [2026-09-06T11:37:30.383Z] [hosting] deploy completed after 3065ms
[debug] [2026-09-06T11:37:30.384Z] [
  {
    "config": {
      "public": "dist",
      "ignore": [
        "firebase.json",
        "**/.*",
        "**/node_modules/**"
      ],
      "rewrites": [
        {
          "source": "**",
          "destination": "/index.html"
        }
      ],
      "site": "astoo-9b922"
    },
    "version": "projects/69884974576/sites/astoo-9b922/versions/24f2ded7f0aefa46"
  }
]
[info] i  hosting[astoo-9b922]: finalizing version... 
[debug] [2026-09-06T11:37:30.386Z] Checked if tokens are valid: true, expires at: 1788698090747
[debug] [2026-09-06T11:37:30.386Z] Checked if tokens are valid: true, expires at: 1788698090747
[debug] [2026-09-06T11:37:30.386Z] >>> [apiv2][query] PATCH https://firebasehosting.googleapis.com/v1beta1/projects/-/sites/astoo-9b922/versions/24f2ded7f0aefa46 updateMask=status%2Cconfig
[debug] [2026-09-06T11:37:30.386Z] >>> [apiv2][body] PATCH https://firebasehosting.googleapis.com/v1beta1/projects/-/sites/astoo-9b922/versions/24f2ded7f0aefa46 {"status":"FINALIZED","config":{"rewrites":[{"glob":"**","path":"/index.html"}]}}
[debug] [2026-09-06T11:37:31.795Z] <<< [apiv2][status] PATCH https://firebasehosting.googleapis.com/v1beta1/projects/-/sites/astoo-9b922/versions/24f2ded7f0aefa46 200
[debug] [2026-09-06T11:37:31.795Z] <<< [apiv2][body] PATCH https://firebasehosting.googleapis.com/v1beta1/projects/-/sites/astoo-9b922/versions/24f2ded7f0aefa46 {"name":"projects/69884974576/sites/astoo-9b922/versions/24f2ded7f0aefa46","status":"FINALIZED","config":{"rewrites":[{"glob":"**","path":"/index.html"}]},"labels":{"deployment-tool":"cli-firebase"},"createTime":"2026-09-06T11:37:26.167623Z","createUser":{"email":"mohmad3mmar017@gmail.com"},"finalizeTime":"2026-09-06T11:37:31.727432Z","finalizeUser":{"email":"mohmad3mmar017@gmail.com"}}
[debug] [2026-09-06T11:37:31.795Z] [hosting] finalized version for astoo-9b922:[object Object]
[info] +  hosting[astoo-9b922]: version finalized 
[info] i  hosting[astoo-9b922]: releasing new version... 
[debug] [2026-09-06T11:37:31.796Z] Checked if tokens are valid: true, expires at: 1788698090747
[debug] [2026-09-06T11:37:31.796Z] Checked if tokens are valid: true, expires at: 1788698090747
[debug] [2026-09-06T11:37:31.796Z] >>> [apiv2][query] POST https://firebasehosting.googleapis.com/v1beta1/projects/-/sites/astoo-9b922/channels/live/releases versionName=projects%2F69884974576%2Fsites%2Fastoo-9b922%2Fversions%2F24f2ded7f0aefa46
[debug] [2026-09-06T11:37:31.796Z] >>> [apiv2][body] POST https://firebasehosting.googleapis.com/v1beta1/projects/-/sites/astoo-9b922/channels/live/releases {}
[debug] [2026-09-06T11:37:33.223Z] <<< [apiv2][status] POST https://firebasehosting.googleapis.com/v1beta1/projects/-/sites/astoo-9b922/channels/live/releases 200
[debug] [2026-09-06T11:37:33.223Z] <<< [apiv2][body] POST https://firebasehosting.googleapis.com/v1beta1/projects/-/sites/astoo-9b922/channels/live/releases {"name":"projects/69884974576/sites/astoo-9b922/channels/live/releases/1788694652212000","version":{"name":"projects/69884974576/sites/astoo-9b922/versions/24f2ded7f0aefa46","status":"FINALIZED","config":{"rewrites":[{"glob":"**","path":"/index.html"}]},"labels":{"deployment-tool":"cli-firebase"},"createTime":"2026-09-06T11:37:26.167623Z","createUser":{"email":"mohmad3mmar017@gmail.com","imageUrl":"https://lh3.googleusercontent.com/a/ACg8ocJe7LRH8_wW2sc61ZZcVZ3mRErFo38Q2IRlVd-76PW91FwHtw=mo"},"finalizeTime":"2026-09-06T11:37:31.727432Z","finalizeUser":{"email":"mohmad3mmar017@gmail.com","imageUrl":"https://lh3.googleusercontent.com/a/ACg8ocJe7LRH8_wW2sc61ZZcVZ3mRErFo38Q2IRlVd-76PW91FwHtw=mo"}},"type":"DEPLOY","releaseTime":"2026-09-06T11:37:32.212Z","releaseUser":{"email":"mohmad3mmar017@gmail.com","imageUrl":"https://lh3.googleusercontent.com/a/ACg8ocJe7LRH8_wW2sc61ZZcVZ3mRErFo38Q2IRlVd-76PW91FwHtw=mo"}}
[debug] [2026-09-06T11:37:33.223Z] [hosting] release: {"name":"projects/69884974576/sites/astoo-9b922/channels/live/releases/1788694652212000","version":{"name":"projects/69884974576/sites/astoo-9b922/versions/24f2ded7f0aefa46","status":"FINALIZED","config":{"rewrites":[{"glob":"**","path":"/index.html"}]},"labels":{"deployment-tool":"cli-firebase"},"createTime":"2026-09-06T11:37:26.167623Z","createUser":{"email":"mohmad3mmar017@gmail.com","imageUrl":"https://lh3.googleusercontent.com/a/ACg8ocJe7LRH8_wW2sc61ZZcVZ3mRErFo38Q2IRlVd-76PW91FwHtw=mo"},"finalizeTime":"2026-09-06T11:37:31.727432Z","finalizeUser":{"email":"mohmad3mmar017@gmail.com","imageUrl":"https://lh3.googleusercontent.com/a/ACg8ocJe7LRH8_wW2sc61ZZcVZ3mRErFo38Q2IRlVd-76PW91FwHtw=mo"}},"type":"DEPLOY","releaseTime":"2026-09-06T11:37:32.212Z","releaseUser":{"email":"mohmad3mmar017@gmail.com","imageUrl":"https://lh3.googleusercontent.com/a/ACg8ocJe7LRH8_wW2sc61ZZcVZ3mRErFo38Q2IRlVd-76PW91FwHtw=mo"}}
[info] +  hosting[astoo-9b922]: release complete 
[info] 
[info] +  Deploy complete! 
[info] 
[info] Project Console: https://console.firebase.google.com/project/astoo-9b922/overview
[info] Hosting URL: https://astoo-9b922.web.app
[debug] [2026-09-06T11:47:45.965Z] ----------------------------------------------------------------------
[debug] [2026-09-06T11:47:45.971Z] Command:       C:\Program Files\nodejs\node.exe C:\Users\mohlb\Downloads\نظام-إدارة-أسطول-السيارات (4)\node_modules\firebase-tools\lib\bin\firebase.js deploy --project astoo-9b922
[debug] [2026-09-06T11:47:45.972Z] CLI Version:   15.28.2
[debug] [2026-09-06T11:47:45.972Z] Platform:      win32
[debug] [2026-09-06T11:47:45.972Z] Node Version:  v25.6.0
[debug] [2026-09-06T11:47:45.972Z] Detected Agent: codex_cli
[debug] [2026-09-06T11:47:45.973Z] Time:          Sun Sep 06 2026 14:47:45 GMT+0300 (Arabian Standard Time)
[debug] [2026-09-06T11:47:45.973Z] ----------------------------------------------------------------------
[debug] 
[debug] [2026-09-06T11:47:48.426Z] > command requires scopes: ["email","openid","https://www.googleapis.com/auth/cloudplatformprojects.readonly","https://www.googleapis.com/auth/firebase","https://www.googleapis.com/auth/cloud-platform"]
[debug] [2026-09-06T11:47:48.426Z] > authorizing via signed-in user (mohmad3mmar017@gmail.com)
[debug] [2026-09-06T11:47:48.426Z] [iam] checking project astoo-9b922 for permissions ["datastore.indexes.create","datastore.indexes.delete","datastore.indexes.list","datastore.indexes.update","firebase.projects.get","firebase.projects.update","firebaseauth.configs.update","firebasehosting.sites.update"]
[debug] [2026-09-06T11:47:48.443Z] Checked if tokens are valid: true, expires at: 1788698090747
[debug] [2026-09-06T11:47:48.443Z] Checked if tokens are valid: true, expires at: 1788698090747
[debug] [2026-09-06T11:47:48.445Z] >>> [apiv2][query] POST https://cloudresourcemanager.googleapis.com/v1/projects/astoo-9b922:testIamPermissions [none]
[debug] [2026-09-06T11:47:48.445Z] >>> [apiv2][(partial)header] POST https://cloudresourcemanager.googleapis.com/v1/projects/astoo-9b922:testIamPermissions  x-goog-user-project=astoo-9b922
[debug] [2026-09-06T11:47:48.445Z] >>> [apiv2][body] POST https://cloudresourcemanager.googleapis.com/v1/projects/astoo-9b922:testIamPermissions {"permissions":["datastore.indexes.create","datastore.indexes.delete","datastore.indexes.list","datastore.indexes.update","firebase.projects.get","firebase.projects.update","firebaseauth.configs.update","firebasehosting.sites.update"]}
[debug] [2026-09-06T11:47:49.132Z] <<< [apiv2][status] POST https://cloudresourcemanager.googleapis.com/v1/projects/astoo-9b922:testIamPermissions 200
[debug] [2026-09-06T11:47:49.133Z] <<< [apiv2][body] POST https://cloudresourcemanager.googleapis.com/v1/projects/astoo-9b922:testIamPermissions {"permissions":["datastore.indexes.create","datastore.indexes.delete","datastore.indexes.list","datastore.indexes.update","firebase.projects.get","firebase.projects.update","firebaseauth.configs.update","firebasehosting.sites.update"]}
[debug] [2026-09-06T11:47:49.133Z] Checked if tokens are valid: true, expires at: 1788698090747
[debug] [2026-09-06T11:47:49.133Z] Checked if tokens are valid: true, expires at: 1788698090747
[debug] [2026-09-06T11:47:49.134Z] >>> [apiv2][query] GET https://firebase.googleapis.com/v1beta1/projects/astoo-9b922 [none]
[debug] [2026-09-06T11:47:49.869Z] <<< [apiv2][status] GET https://firebase.googleapis.com/v1beta1/projects/astoo-9b922 200
[debug] [2026-09-06T11:47:49.869Z] <<< [apiv2][body] GET https://firebase.googleapis.com/v1beta1/projects/astoo-9b922 {"projectId":"astoo-9b922","projectNumber":"69884974576","displayName":"astool","name":"projects/astoo-9b922","resources":{"hostingSite":"astoo-9b922"},"state":"ACTIVE","labels":{"firebase":"enabled"},"etag":"1_e2e9af7a-4d49-4f8c-8dd3-420425aebf45"}
[info] 
[info] === Deploying to 'astoo-9b922'...
[info] 
[info] i  deploying firestore, hosting, auth 
[info] i  firestore: ensuring required API firestore.googleapis.com is enabled... 
[info] i  firestore: ensuring required API firestore.googleapis.com is enabled... 
[debug] [2026-09-06T11:47:49.875Z] Checked if tokens are valid: true, expires at: 1788698090747
[debug] [2026-09-06T11:47:49.875Z] Checked if tokens are valid: true, expires at: 1788698090747
[debug] [2026-09-06T11:47:49.875Z] >>> [apiv2][query] GET https://firestore.googleapis.com/v1/projects/astoo-9b922/databases/(default) [none]
[debug] [2026-09-06T11:47:51.319Z] <<< [apiv2][status] GET https://firestore.googleapis.com/v1/projects/astoo-9b922/databases/(default) 200
[debug] [2026-09-06T11:47:51.319Z] <<< [apiv2][body] GET https://firestore.googleapis.com/v1/projects/astoo-9b922/databases/(default) {"name":"projects/astoo-9b922/databases/(default)","uid":"75a4197d-4b07-4e73-9c2c-90d6a1316200","createTime":"2026-09-02T12:00:56.704389Z","updateTime":"2026-09-02T12:00:56.704389Z","locationId":"nam5","type":"FIRESTORE_NATIVE","concurrencyMode":"PESSIMISTIC","versionRetentionPeriod":"3600s","earliestVersionTime":"2026-09-06T10:47:51.361539Z","appEngineIntegrationMode":"DISABLED","keyPrefix":"s","pointInTimeRecoveryEnablement":"POINT_IN_TIME_RECOVERY_DISABLED","deleteProtectionState":"DELETE_PROTECTION_DISABLED","databaseEdition":"STANDARD","freeTier":true,"realtimeUpdatesMode":"REALTIME_UPDATES_MODE_ENABLED","enhancedTextSearchQueryMode":"ENHANCED_QUERY_MODE_ENABLED","etag":"IOOKi5Lx2ZYDMJfbxozB0ZYD"}
[info] i  firestore: reading indexes from firestore.indexes.json... 
[info] i  cloud.firestore: checking firestore.rules for compilation errors... 
[debug] [2026-09-06T11:47:51.322Z] Checked if tokens are valid: true, expires at: 1788698090747
[debug] [2026-09-06T11:47:51.322Z] Checked if tokens are valid: true, expires at: 1788698090747
[debug] [2026-09-06T11:47:51.322Z] >>> [apiv2][query] POST https://firebaserules.googleapis.com/v1/projects/astoo-9b922:test [none]
[debug] [2026-09-06T11:47:51.322Z] >>> [apiv2][body] POST https://firebaserules.googleapis.com/v1/projects/astoo-9b922:test [omitted]
[debug] [2026-09-06T11:47:52.171Z] <<< [apiv2][status] POST https://firebaserules.googleapis.com/v1/projects/astoo-9b922:test 200
[debug] [2026-09-06T11:47:52.172Z] <<< [apiv2][body] POST https://firebaserules.googleapis.com/v1/projects/astoo-9b922:test {}
[info] +  cloud.firestore: rules file firestore.rules compiled successfully 
[debug] [2026-09-06T11:47:52.173Z] Checked if tokens are valid: true, expires at: 1788698090747
[debug] [2026-09-06T11:47:52.173Z] Checked if tokens are valid: true, expires at: 1788698090747
[debug] [2026-09-06T11:47:52.173Z] >>> [apiv2][query] GET https://firebasehosting.googleapis.com/v1beta1/projects/astoo-9b922/sites/astoo-9b922 [none]
[debug] [2026-09-06T11:47:53.634Z] <<< [apiv2][status] GET https://firebasehosting.googleapis.com/v1beta1/projects/astoo-9b922/sites/astoo-9b922 200
[debug] [2026-09-06T11:47:53.634Z] <<< [apiv2][body] GET https://firebasehosting.googleapis.com/v1beta1/projects/astoo-9b922/sites/astoo-9b922 {"name":"projects/astoo-9b922/sites/astoo-9b922","defaultUrl":"https://astoo-9b922.web.app","type":"DEFAULT_SITE"}
[debug] [2026-09-06T11:47:53.637Z] Checked if tokens are valid: true, expires at: 1788698090747
[debug] [2026-09-06T11:47:53.637Z] Checked if tokens are valid: true, expires at: 1788698090747
[debug] [2026-09-06T11:47:53.638Z] >>> [apiv2][query] POST https://firebasehosting.googleapis.com/v1beta1/projects/-/sites/astoo-9b922/versions [none]
[debug] [2026-09-06T11:47:53.638Z] >>> [apiv2][body] POST https://firebasehosting.googleapis.com/v1beta1/projects/-/sites/astoo-9b922/versions {"status":"CREATED","labels":{"deployment-tool":"cli-firebase"}}
[debug] [2026-09-06T11:47:55.508Z] <<< [apiv2][status] POST https://firebasehosting.googleapis.com/v1beta1/projects/-/sites/astoo-9b922/versions 200
[debug] [2026-09-06T11:47:55.508Z] <<< [apiv2][body] POST https://firebasehosting.googleapis.com/v1beta1/projects/-/sites/astoo-9b922/versions {"name":"projects/69884974576/sites/astoo-9b922/versions/bf4aaaa2b6e78a8b","status":"CREATED","config":{},"labels":{"deployment-tool":"cli-firebase"}}
[debug] [2026-09-06T11:47:55.508Z] Checked if tokens are valid: true, expires at: 1788698090747
[debug] [2026-09-06T11:47:55.509Z] Checked if tokens are valid: true, expires at: 1788698090747
[debug] [2026-09-06T11:47:55.509Z] >>> [apiv2][query] GET https://firebase.googleapis.com/v1beta1/projects/astoo-9b922/webApps pageSize=100
[debug] [2026-09-06T11:47:56.208Z] <<< [apiv2][status] GET https://firebase.googleapis.com/v1beta1/projects/astoo-9b922/webApps 200
[debug] [2026-09-06T11:47:56.209Z] <<< [apiv2][body] GET https://firebase.googleapis.com/v1beta1/projects/astoo-9b922/webApps {"apps":[{"name":"projects/astoo-9b922/webApps/1:69884974576:web:a1ccd3ba80db3ff3dd3935","appId":"1:69884974576:web:a1ccd3ba80db3ff3dd3935","displayName":"astool","projectId":"astoo-9b922","webId":"NjgyNWQyOGUtY2NmMi00OGVhLTgxZGMtZmRhNDU4MjJhMmVk","apiKeyId":"bcb06143-157a-464d-a680-a6db2db92f84","state":"ACTIVE","expireTime":"1970-01-01T00:00:00Z","etag":"1_bc277032-b198-4758-a049-344316c5f0cb"}]}
[debug] [2026-09-06T11:47:56.209Z] Checked if tokens are valid: true, expires at: 1788698090747
[debug] [2026-09-06T11:47:56.209Z] Checked if tokens are valid: true, expires at: 1788698090747
[debug] [2026-09-06T11:47:56.210Z] >>> [apiv2][query] GET https://firebaserules.googleapis.com/v1/projects/astoo-9b922/releases pageSize=10&pageToken=
[debug] [2026-09-06T11:47:57.249Z] <<< [apiv2][status] GET https://firebaserules.googleapis.com/v1/projects/astoo-9b922/releases 200
[debug] [2026-09-06T11:47:57.249Z] <<< [apiv2][body] GET https://firebaserules.googleapis.com/v1/projects/astoo-9b922/releases {"releases":[{"name":"projects/astoo-9b922/releases/cloud.firestore","rulesetName":"projects/astoo-9b922/rulesets/822c4e6d-dcbc-46c8-800d-1f907039954b","createTime":"2026-09-02T12:01:14.945159Z","updateTime":"2026-09-06T11:35:52.691266Z"}]}
[debug] [2026-09-06T11:47:57.250Z] Checked if tokens are valid: true, expires at: 1788698090747
[debug] [2026-09-06T11:47:57.250Z] Checked if tokens are valid: true, expires at: 1788698090747
[debug] [2026-09-06T11:47:57.250Z] >>> [apiv2][query] GET https://firebaserules.googleapis.com/v1/projects/astoo-9b922/rulesets/822c4e6d-dcbc-46c8-800d-1f907039954b [none]
[debug] [2026-09-06T11:47:57.561Z] <<< [apiv2][status] GET https://firebaserules.googleapis.com/v1/projects/astoo-9b922/rulesets/822c4e6d-dcbc-46c8-800d-1f907039954b 200
[debug] [2026-09-06T11:47:57.562Z] <<< [apiv2][body] GET https://firebaserules.googleapis.com/v1/projects/astoo-9b922/rulesets/822c4e6d-dcbc-46c8-800d-1f907039954b [omitted]
[info] i  firestore: uploading rules firestore.rules... 
[debug] [2026-09-06T11:47:57.563Z] Checked if tokens are valid: true, expires at: 1788698090747
[debug] [2026-09-06T11:47:57.563Z] Checked if tokens are valid: true, expires at: 1788698090747
[debug] [2026-09-06T11:47:57.563Z] >>> [apiv2][query] POST https://firebaserules.googleapis.com/v1/projects/astoo-9b922/rulesets [none]
[debug] [2026-09-06T11:47:57.563Z] >>> [apiv2][body] POST https://firebaserules.googleapis.com/v1/projects/astoo-9b922/rulesets [omitted]
[debug] [2026-09-06T11:47:58.494Z] <<< [apiv2][status] POST https://firebaserules.googleapis.com/v1/projects/astoo-9b922/rulesets 200
[debug] [2026-09-06T11:47:58.494Z] <<< [apiv2][body] POST https://firebaserules.googleapis.com/v1/projects/astoo-9b922/rulesets {"name":"projects/astoo-9b922/rulesets/e0ced58e-455a-4db4-9e15-9d425d1bffc2","source":{"files":[{"content":"rules_version = '2';\n\nservice cloud.firestore {\n  match /databases/{database}/documents {\n    function isAdmin() {\n      return request.auth != null && request.auth.token.email == \"moon@astool.com\";\n    }\n\n    function hasText(value, maxLength) {\n      return value is string && value.size() > 0 && value.size() <= maxLength;\n    }\n\n    function validDriverUpdate(updateId) {\n      let publicVehicle = get(/databases/$(database)/documents/publicVehicles/$(request.resource.data.qrToken));\n      let vehicle = get(/databases/$(database)/documents/vehicles/$(publicVehicle.data.vehicleId));\n      return request.auth == null\n        && request.resource.data.keys().hasOnly([\n          'id', 'vehicleId', 'qrToken', 'plateNumber', 'vehicleName', 'driverName', 'nationalId',\n          'previousMileage', 'newMileage', 'notes', 'faultReported', 'issueId', 'createdAt'\n        ])\n        && request.resource.data.id == updateId\n        && request.resource.data.vehicleId == publicVehicle.data.vehicleId\n        && request.resource.data.plateNumber == publicVehicle.data.licensePlate\n        && request.resource.data.vehicleName == publicVehicle.data.vehicleName\n        && hasText(request.resource.data.driverName, 100)\n        && request.resource.data.driverName == vehicle.data.assignedDriverName\n        && request.resource.data.nationalId is string\n        && request.resource.data.nationalId.matches('^[0-9]{10}$')\n        && request.resource.data.nationalId == vehicle.data.assignedDriverNationalId\n        && request.resource.data.previousMileage is int\n        && request.resource.data.newMileage is int\n        && request.resource.data.previousMileage == publicVehicle.data.currentMileage\n        && request.resource.data.newMileage >= request.resource.data.previousMileage\n        && request.resource.data.notes is string\n        && request.resource.data.notes.size() <= 800\n        && request.resource.data.faultReported is bool\n        && request.resource.data.createdAt == request.time\n        && getAfter(/databases/$(database)/documents/vehicles/$(request.resource.data.vehicleId)).data.currentMileage == request.resource.data.newMileage\n        && getAfter(/databases/$(database)/documents/vehicles/$(request.resource.data.vehicleId)).data.lastDriverUpdateId == updateId\n        && getAfter(/databases/$(database)/documents/publicVehicles/$(request.resource.data.qrToken)).data.currentMileage == request.resource.data.newMileage\n        && getAfter(/databases/$(database)/documents/publicVehicles/$(request.resource.data.qrToken)).data.lastDriverUpdateId == updateId;\n    }\n\n    function validPublicVehicleMileageUpdate(vehicleId) {\n      let updateId = request.resource.data.lastDriverUpdateId;\n      let driverUpdate = getAfter(/databases/$(database)/documents/driverUpdates/$(updateId));\n      return request.auth == null\n        && request.resource.data.diff(resource.data).affectedKeys().hasOnly(['currentMileage', 'updatedAt', 'lastDriverUpdateId'])\n        && request.resource.data.currentMileage >= resource.data.currentMileage\n        && request.resource.data.updatedAt is int\n        && updateId is string\n        && driverUpdate.data.vehicleId == vehicleId\n        && driverUpdate.data.previousMileage == resource.data.currentMileage\n        && driverUpdate.data.newMileage == request.resource.data.currentMileage;\n    }\n\n    function validPublicAccessMileageUpdate(token) {\n      let updateId = request.resource.data.lastDriverUpdateId;\n      let driverUpdate = getAfter(/databases/$(database)/documents/driverUpdates/$(updateId));\n      return request.auth == null\n        && request.resource.data.diff(resource.data).affectedKeys().hasOnly(['currentMileage', 'updatedAt', 'lastDriverUpdateId'])\n        && request.resource.data.currentMileage >= resource.data.currentMileage\n        && request.resource.data.updatedAt is int\n        && updateId is string\n        && driverUpdate.data.qrToken == token\n        && driverUpdate.data.vehicleId == resource.data.vehicleId\n        && driverUpdate.data.previousMileage == resource.data.currentMileage\n        && driverUpdate.data.newMileage == request.resource.data.currentMileage;\n    }\n\n    function validIssue(issueId) {\n      let driverUpdate = getAfter(/databases/$(database)/documents/driverUpdates/$(request.resource.data.driverUpdateId));\n      return request.auth == null\n        && request.resource.data.keys().hasOnly([\n          'id', 'vehicleId', 'driverUpdateId', 'plateNumber', 'vehicleName', 'driverName', 'nationalId',\n          'description', 'priority', 'status', 'createdAt'\n        ])\n        && request.resource.data.id == issueId\n        && request.resource.data.driverUpdateId is string\n        && driverUpdate.data.faultReported == true\n        && request.resource.data.vehicleId == driverUpdate.data.vehicleId\n        && request.resource.data.plateNumber == driverUpdate.data.plateNumber\n        && request.resource.data.vehicleName == driverUpdate.data.vehicleName\n        && request.resource.data.driverName == driverUpdate.data.driverName\n        && request.resource.data.nationalId == driverUpdate.data.nationalId\n        && hasText(request.resource.data.description, 800)\n        && request.resource.data.priority in ['منخفضة', 'متوسطة', 'عالية', 'طارئة']\n        && request.resource.data.status == 'جديد'\n        && request.resource.data.createdAt == request.time\n        && request.resource.data.id == driverUpdate.data.issueId;\n    }\n\n    function validDriverAudit(auditId) {\n      let driverUpdate = getAfter(/databases/$(database)/documents/driverUpdates/$(request.resource.data.driverUpdateId));\n      return request.auth == null\n        && request.resource.data.keys().hasOnly([\n          'id', 'actorType', 'actorName', 'actorNationalId', 'action', 'vehicleId', 'plateNumber',\n          'oldData', 'newData', 'driverUpdateId', 'issueId', 'priority', 'createdAt'\n        ])\n        && request.resource.data.id == auditId\n        && request.resource.data.actorType == 'driver'\n        && request.resource.data.actorName == driverUpdate.data.driverName\n        && request.resource.data.actorNationalId == driverUpdate.data.nationalId\n        && request.resource.data.action == 'تحديث ممشى من QR'\n        && request.resource.data.vehicleId == driverUpdate.data.vehicleId\n        && request.resource.data.plateNumber == driverUpdate.data.plateNumber\n        && request.resource.data.driverUpdateId == driverUpdate.data.id\n        && request.resource.data.issueId == driverUpdate.data.issueId\n        && request.resource.data.oldData.currentMileage == driverUpdate.data.previousMileage\n        && request.resource.data.newData.currentMileage == driverUpdate.data.newMileage\n        && request.resource.data.createdAt == request.time;\n    }\n\n    match /publicVehicles/{token} {\n      allow get: if true;\n      allow list: if false;\n      allow create, delete: if isAdmin();\n      allow update: if isAdmin() || validPublicAccessMileageUpdate(token);\n    }\n\n    match /publicVehiclePlates/{plateKey} {\n      allow get: if true;\n      allow list: if false;\n      allow create, update, delete: if isAdmin();\n    }\n\n    match /vehicles/{vehicleId} {\n      allow read, create, delete: if isAdmin();\n      allow update: if isAdmin() || validPublicVehicleMileageUpdate(vehicleId);\n    }\n\n    match /driverUpdates/{updateId} {\n      allow read, update, delete: if isAdmin();\n      allow create: if isAdmin() || validDriverUpdate(updateId);\n    }\n\n    match /vehicleIssues/{issueId} {\n      allow read, update, delete: if isAdmin();\n      allow create: if isAdmin() || validIssue(issueId);\n    }\n\n    match /auditLogs/{auditId} {\n      allow read, update, delete: if isAdmin();\n      allow create: if isAdmin() || validDriverAudit(auditId);\n    }\n\n    match /rules/{ruleId} {\n      allow read, write: if isAdmin();\n    }\n\n    match /records/{recordId} {\n      allow read, write: if isAdmin();\n    }\n\n    match /plates/{plateKey} {\n      allow read, write: if isAdmin();\n    }\n\n    match /{document=**} {\n      allow read, write: if false;\n    }\n  }\n}\n","name":"firestore.rules"}]},"createTime":"2026-09-06T11:47:58.520943Z","metadata":{"services":["cloud.firestore"]}}
[debug] [2026-09-06T11:47:58.495Z] [rules] created ruleset projects/astoo-9b922/rulesets/e0ced58e-455a-4db4-9e15-9d425d1bffc2
[info] i  firestore: deploying indexes... 
[debug] [2026-09-06T11:47:58.496Z] Checked if tokens are valid: true, expires at: 1788698090747
[debug] [2026-09-06T11:47:58.496Z] Checked if tokens are valid: true, expires at: 1788698090747
[debug] [2026-09-06T11:47:58.496Z] >>> [apiv2][query] GET https://firestore.googleapis.com/v1/projects/astoo-9b922/databases/(default)/collectionGroups/-/indexes [none]
[debug] [2026-09-06T11:48:00.022Z] <<< [apiv2][status] GET https://firestore.googleapis.com/v1/projects/astoo-9b922/databases/(default)/collectionGroups/-/indexes 200
[debug] [2026-09-06T11:48:00.022Z] <<< [apiv2][body] GET https://firestore.googleapis.com/v1/projects/astoo-9b922/databases/(default)/collectionGroups/-/indexes {}
[debug] [2026-09-06T11:48:00.023Z] Checked if tokens are valid: true, expires at: 1788698090747
[debug] [2026-09-06T11:48:00.023Z] Checked if tokens are valid: true, expires at: 1788698090747
[debug] [2026-09-06T11:48:00.023Z] >>> [apiv2][query] GET https://firestore.googleapis.com/v1/projects/astoo-9b922/databases/(default)/collectionGroups/-/fields?filter=indexConfig.usesAncestorConfig=false OR ttlConfig:* [none]
[debug] [2026-09-06T11:48:00.328Z] <<< [apiv2][status] GET https://firestore.googleapis.com/v1/projects/astoo-9b922/databases/(default)/collectionGroups/-/fields?filter=indexConfig.usesAncestorConfig=false OR ttlConfig:* 200
[debug] [2026-09-06T11:48:00.328Z] <<< [apiv2][body] GET https://firestore.googleapis.com/v1/projects/astoo-9b922/databases/(default)/collectionGroups/-/fields?filter=indexConfig.usesAncestorConfig=false OR ttlConfig:* {"fields":[{"name":"projects/astoo-9b922/databases/(default)/collectionGroups/__default__/fields/*","indexConfig":{"indexes":[{"queryScope":"COLLECTION","fields":[{"fieldPath":"*","order":"ASCENDING"}],"state":"READY"},{"queryScope":"COLLECTION","fields":[{"fieldPath":"*","order":"DESCENDING"}],"state":"READY"},{"queryScope":"COLLECTION","fields":[{"fieldPath":"*","arrayConfig":"CONTAINS"}],"state":"READY"}]}}]}
[debug] [2026-09-06T11:48:00.328Z] Checked if tokens are valid: true, expires at: 1788698090747
[debug] [2026-09-06T11:48:00.328Z] Checked if tokens are valid: true, expires at: 1788698090747
[debug] [2026-09-06T11:48:00.328Z] >>> [apiv2][query] GET https://firestore.googleapis.com/v1/projects/astoo-9b922/databases/(default) [none]
[debug] [2026-09-06T11:48:00.637Z] <<< [apiv2][status] GET https://firestore.googleapis.com/v1/projects/astoo-9b922/databases/(default) 200
[debug] [2026-09-06T11:48:00.637Z] <<< [apiv2][body] GET https://firestore.googleapis.com/v1/projects/astoo-9b922/databases/(default) {"name":"projects/astoo-9b922/databases/(default)","uid":"75a4197d-4b07-4e73-9c2c-90d6a1316200","createTime":"2026-09-02T12:00:56.704389Z","updateTime":"2026-09-02T12:00:56.704389Z","locationId":"nam5","type":"FIRESTORE_NATIVE","concurrencyMode":"PESSIMISTIC","versionRetentionPeriod":"3600s","earliestVersionTime":"2026-09-06T10:48:00.670661Z","appEngineIntegrationMode":"DISABLED","keyPrefix":"s","pointInTimeRecoveryEnablement":"POINT_IN_TIME_RECOVERY_DISABLED","deleteProtectionState":"DELETE_PROTECTION_DISABLED","databaseEdition":"STANDARD","freeTier":true,"realtimeUpdatesMode":"REALTIME_UPDATES_MODE_ENABLED","enhancedTextSearchQueryMode":"ENHANCED_QUERY_MODE_ENABLED","etag":"IPPhwpbx2ZYDMJfbxozB0ZYD"}
[info] +  firestore: deployed indexes in firestore.indexes.json successfully for (default) database 
[info] i  hosting[astoo-9b922]: beginning deploy... 
[info] i  hosting[astoo-9b922]: found 3 files in dist 
[debug] [2026-09-06T11:48:00.655Z] [hosting] uploading with 200 concurrency
[debug] [2026-09-06T11:48:00.715Z] Checked if tokens are valid: true, expires at: 1788698090747
[debug] [2026-09-06T11:48:00.715Z] Checked if tokens are valid: true, expires at: 1788698090747
[debug] [2026-09-06T11:48:00.717Z] [hosting] hash cache [ZGlzdA] stored for 3 files
[debug] [2026-09-06T11:48:00.717Z] [hosting][hash queue][FINAL] {"max":56,"min":3,"avg":21.333333333333332,"active":0,"complete":3,"success":3,"errored":0,"retried":0,"total":3,"elapsed":61}
[debug] [2026-09-06T11:48:00.718Z] >>> [apiv2][query] POST https://firebasehosting.googleapis.com/v1beta1/projects/69884974576/sites/astoo-9b922/versions/bf4aaaa2b6e78a8b:populateFiles [none]
[debug] [2026-09-06T11:48:00.718Z] >>> [apiv2][body] POST https://firebasehosting.googleapis.com/v1beta1/projects/69884974576/sites/astoo-9b922/versions/bf4aaaa2b6e78a8b:populateFiles {"files":{"/index.html":"270b0c775a38044c37e0eba0d13599e43930e87a52ffb4b7b08dfd2e4c25c71b","/assets/index-3-Pi1Xk5.css":"145d90e21edc75a1158c2d601489a34a4b5b21b631c43a21c1e207a7bede809e","/assets/index-CvucBypP.js":"16af76caa858e3980c4461908173b795f1e8647d0b203ea4c888c2b8c03b518e"}}
[debug] [2026-09-06T11:48:01.919Z] <<< [apiv2][status] POST https://firebasehosting.googleapis.com/v1beta1/projects/69884974576/sites/astoo-9b922/versions/bf4aaaa2b6e78a8b:populateFiles 200
[debug] [2026-09-06T11:48:01.919Z] <<< [apiv2][body] POST https://firebasehosting.googleapis.com/v1beta1/projects/69884974576/sites/astoo-9b922/versions/bf4aaaa2b6e78a8b:populateFiles {"uploadRequiredHashes":["16af76caa858e3980c4461908173b795f1e8647d0b203ea4c888c2b8c03b518e","270b0c775a38044c37e0eba0d13599e43930e87a52ffb4b7b08dfd2e4c25c71b","145d90e21edc75a1158c2d601489a34a4b5b21b631c43a21c1e207a7bede809e"],"uploadUrl":"https://upload-firebasehosting.googleapis.com/upload/sites/astoo-9b922/versions/bf4aaaa2b6e78a8b/files"}
[debug] [2026-09-06T11:48:01.920Z] Checked if tokens are valid: true, expires at: 1788698090747
[debug] [2026-09-06T11:48:01.920Z] Checked if tokens are valid: true, expires at: 1788698090747
[debug] [2026-09-06T11:48:01.920Z] Checked if tokens are valid: true, expires at: 1788698090747
[debug] [2026-09-06T11:48:01.920Z] Checked if tokens are valid: true, expires at: 1788698090747
[debug] [2026-09-06T11:48:01.920Z] Checked if tokens are valid: true, expires at: 1788698090747
[debug] [2026-09-06T11:48:01.921Z] Checked if tokens are valid: true, expires at: 1788698090747
[debug] [2026-09-06T11:48:01.921Z] >>> [apiv2][query] POST https://upload-firebasehosting.googleapis.com/upload/sites/astoo-9b922/versions/bf4aaaa2b6e78a8b/files/16af76caa858e3980c4461908173b795f1e8647d0b203ea4c888c2b8c03b518e [none]
[debug] [2026-09-06T11:48:01.921Z] >>> [apiv2][body] POST https://upload-firebasehosting.googleapis.com/upload/sites/astoo-9b922/versions/bf4aaaa2b6e78a8b/files/16af76caa858e3980c4461908173b795f1e8647d0b203ea4c888c2b8c03b518e [stream]
[debug] [2026-09-06T11:48:01.922Z] >>> [apiv2][query] POST https://upload-firebasehosting.googleapis.com/upload/sites/astoo-9b922/versions/bf4aaaa2b6e78a8b/files/270b0c775a38044c37e0eba0d13599e43930e87a52ffb4b7b08dfd2e4c25c71b [none]
[debug] [2026-09-06T11:48:01.922Z] >>> [apiv2][body] POST https://upload-firebasehosting.googleapis.com/upload/sites/astoo-9b922/versions/bf4aaaa2b6e78a8b/files/270b0c775a38044c37e0eba0d13599e43930e87a52ffb4b7b08dfd2e4c25c71b [stream]
[debug] [2026-09-06T11:48:01.923Z] >>> [apiv2][query] POST https://upload-firebasehosting.googleapis.com/upload/sites/astoo-9b922/versions/bf4aaaa2b6e78a8b/files/145d90e21edc75a1158c2d601489a34a4b5b21b631c43a21c1e207a7bede809e [none]
[debug] [2026-09-06T11:48:01.923Z] >>> [apiv2][body] POST https://upload-firebasehosting.googleapis.com/upload/sites/astoo-9b922/versions/bf4aaaa2b6e78a8b/files/145d90e21edc75a1158c2d601489a34a4b5b21b631c43a21c1e207a7bede809e [stream]
[debug] [2026-09-06T11:48:01.927Z] [hosting][populate queue][FINAL] {"max":1207,"min":1207,"avg":1207,"active":0,"complete":1,"success":1,"errored":0,"retried":0,"total":1,"elapsed":1213}
[debug] [2026-09-06T11:48:01.927Z] [hosting] uploads queued: 3
[info] i  hosting: uploading new files [0/3] (0%) 
[debug] [2026-09-06T11:48:03.499Z] <<< [apiv2][status] POST https://upload-firebasehosting.googleapis.com/upload/sites/astoo-9b922/versions/bf4aaaa2b6e78a8b/files/145d90e21edc75a1158c2d601489a34a4b5b21b631c43a21c1e207a7bede809e 200
[debug] [2026-09-06T11:48:03.499Z] <<< [apiv2][body] POST https://upload-firebasehosting.googleapis.com/upload/sites/astoo-9b922/versions/bf4aaaa2b6e78a8b/files/145d90e21edc75a1158c2d601489a34a4b5b21b631c43a21c1e207a7bede809e [stream]
[debug] [2026-09-06T11:48:03.567Z] <<< [apiv2][status] POST https://upload-firebasehosting.googleapis.com/upload/sites/astoo-9b922/versions/bf4aaaa2b6e78a8b/files/270b0c775a38044c37e0eba0d13599e43930e87a52ffb4b7b08dfd2e4c25c71b 200
[debug] [2026-09-06T11:48:03.567Z] <<< [apiv2][body] POST https://upload-firebasehosting.googleapis.com/upload/sites/astoo-9b922/versions/bf4aaaa2b6e78a8b/files/270b0c775a38044c37e0eba0d13599e43930e87a52ffb4b7b08dfd2e4c25c71b [stream]
[debug] [2026-09-06T11:48:04.427Z] <<< [apiv2][status] POST https://upload-firebasehosting.googleapis.com/upload/sites/astoo-9b922/versions/bf4aaaa2b6e78a8b/files/16af76caa858e3980c4461908173b795f1e8647d0b203ea4c888c2b8c03b518e 200
[debug] [2026-09-06T11:48:04.427Z] <<< [apiv2][body] POST https://upload-firebasehosting.googleapis.com/upload/sites/astoo-9b922/versions/bf4aaaa2b6e78a8b/files/16af76caa858e3980c4461908173b795f1e8647d0b203ea4c888c2b8c03b518e [stream]
[debug] [2026-09-06T11:48:04.427Z] [hosting][upload queue][FINAL] {"max":2508,"min":1579,"avg":1911.3333333333333,"active":0,"complete":3,"success":3,"errored":0,"retried":0,"total":3,"elapsed":2508}
[info] i  hosting: upload complete 
[info] +  hosting[astoo-9b922]: file upload complete 
[debug] [2026-09-06T11:48:04.428Z] [hosting] deploy completed after 3788ms
[info] Enabling auth providers: email/password...
[debug] [2026-09-06T11:48:04.428Z] [provision] Starting Firebase app provisioning...
[debug] [2026-09-06T11:48:04.429Z] [provision] Request: {
  "appNamespace": "1:69884974576:web:a1ccd3ba80db3ff3dd3935",
  "parent": "projects/astoo-9b922",
  "firebaseAuthInput": {
    "emailAuthProviderMode": "PROVIDER_ENABLED"
  },
  "webInput": {}
}
[debug] [2026-09-06T11:48:04.429Z] Checked if tokens are valid: true, expires at: 1788698090747
[debug] [2026-09-06T11:48:04.429Z] Checked if tokens are valid: true, expires at: 1788698090747
[debug] [2026-09-06T11:48:04.429Z] >>> [apiv2][query] POST https://firebase.googleapis.com/v1alpha/firebase:provisionFirebaseApp [none]
[debug] [2026-09-06T11:48:04.429Z] >>> [apiv2][body] POST https://firebase.googleapis.com/v1alpha/firebase:provisionFirebaseApp {"appNamespace":"1:69884974576:web:a1ccd3ba80db3ff3dd3935","parent":"projects/astoo-9b922","firebaseAuthInput":{"emailAuthProviderMode":"PROVIDER_ENABLED"},"webInput":{}}
[debug] [2026-09-06T11:48:06.044Z] <<< [apiv2][status] POST https://firebase.googleapis.com/v1alpha/firebase:provisionFirebaseApp 200
[debug] [2026-09-06T11:48:06.045Z] <<< [apiv2][body] POST https://firebase.googleapis.com/v1alpha/firebase:provisionFirebaseApp {"name":"operations/workflows/MzdkYTZlNTctYzQ0Yy00NDFmLThhNDAtNGU2ZGQ2ZmM2Yjcx"}
[debug] [2026-09-06T11:48:06.045Z] [provision] Operation started: operations/workflows/MzdkYTZlNTctYzQ0Yy00NDFmLThhNDAtNGU2ZGQ2ZmM2Yjcx
[debug] [2026-09-06T11:48:06.045Z] [provision] Polling for operation completion...
[debug] [2026-09-06T11:48:06.045Z] Checked if tokens are valid: true, expires at: 1788698090747
[debug] [2026-09-06T11:48:06.046Z] Checked if tokens are valid: true, expires at: 1788698090747
[debug] [2026-09-06T11:48:06.046Z] >>> [apiv2][query] GET https://firebase.googleapis.com/v1beta1/operations/workflows/MzdkYTZlNTctYzQ0Yy00NDFmLThhNDAtNGU2ZGQ2ZmM2Yjcx [none]
[debug] [2026-09-06T11:48:06.618Z] <<< [apiv2][status] GET https://firebase.googleapis.com/v1beta1/operations/workflows/MzdkYTZlNTctYzQ0Yy00NDFmLThhNDAtNGU2ZGQ2ZmM2Yjcx 200
[debug] [2026-09-06T11:48:06.618Z] <<< [apiv2][body] GET https://firebase.googleapis.com/v1beta1/operations/workflows/MzdkYTZlNTctYzQ0Yy00NDFmLThhNDAtNGU2ZGQ2ZmM2Yjcx {"name":"operations/workflows/MzdkYTZlNTctYzQ0Yy00NDFmLThhNDAtNGU2ZGQ2ZmM2Yjcx"}
[debug] [2026-09-06T11:48:06.823Z] [Provision Firebase App Poller] Retrying task index 0
[debug] [2026-09-06T11:48:06.823Z] Checked if tokens are valid: true, expires at: 1788698090747
[debug] [2026-09-06T11:48:06.823Z] Checked if tokens are valid: true, expires at: 1788698090747
[debug] [2026-09-06T11:48:06.823Z] >>> [apiv2][query] GET https://firebase.googleapis.com/v1beta1/operations/workflows/MzdkYTZlNTctYzQ0Yy00NDFmLThhNDAtNGU2ZGQ2ZmM2Yjcx [none]
[debug] [2026-09-06T11:48:07.314Z] <<< [apiv2][status] GET https://firebase.googleapis.com/v1beta1/operations/workflows/MzdkYTZlNTctYzQ0Yy00NDFmLThhNDAtNGU2ZGQ2ZmM2Yjcx 200
[debug] [2026-09-06T11:48:07.314Z] <<< [apiv2][body] GET https://firebase.googleapis.com/v1beta1/operations/workflows/MzdkYTZlNTctYzQ0Yy00NDFmLThhNDAtNGU2ZGQ2ZmM2Yjcx {"name":"operations/workflows/MzdkYTZlNTctYzQ0Yy00NDFmLThhNDAtNGU2ZGQ2ZmM2Yjcx"}
[debug] [2026-09-06T11:48:07.728Z] [Provision Firebase App Poller] Retrying task index 0
[debug] [2026-09-06T11:48:07.728Z] Checked if tokens are valid: true, expires at: 1788698090747
[debug] [2026-09-06T11:48:07.728Z] Checked if tokens are valid: true, expires at: 1788698090747
[debug] [2026-09-06T11:48:07.728Z] >>> [apiv2][query] GET https://firebase.googleapis.com/v1beta1/operations/workflows/MzdkYTZlNTctYzQ0Yy00NDFmLThhNDAtNGU2ZGQ2ZmM2Yjcx [none]
[debug] [2026-09-06T11:48:08.263Z] <<< [apiv2][status] GET https://firebase.googleapis.com/v1beta1/operations/workflows/MzdkYTZlNTctYzQ0Yy00NDFmLThhNDAtNGU2ZGQ2ZmM2Yjcx 200
[debug] [2026-09-06T11:48:08.263Z] <<< [apiv2][body] GET https://firebase.googleapis.com/v1beta1/operations/workflows/MzdkYTZlNTctYzQ0Yy00NDFmLThhNDAtNGU2ZGQ2ZmM2Yjcx {"name":"operations/workflows/MzdkYTZlNTctYzQ0Yy00NDFmLThhNDAtNGU2ZGQ2ZmM2Yjcx"}
[debug] [2026-09-06T11:48:09.063Z] [Provision Firebase App Poller] Retrying task index 0
[debug] [2026-09-06T11:48:09.064Z] Checked if tokens are valid: true, expires at: 1788698090747
[debug] [2026-09-06T11:48:09.064Z] Checked if tokens are valid: true, expires at: 1788698090747
[debug] [2026-09-06T11:48:09.064Z] >>> [apiv2][query] GET https://firebase.googleapis.com/v1beta1/operations/workflows/MzdkYTZlNTctYzQ0Yy00NDFmLThhNDAtNGU2ZGQ2ZmM2Yjcx [none]
[debug] [2026-09-06T11:48:09.549Z] <<< [apiv2][status] GET https://firebase.googleapis.com/v1beta1/operations/workflows/MzdkYTZlNTctYzQ0Yy00NDFmLThhNDAtNGU2ZGQ2ZmM2Yjcx 200
[debug] [2026-09-06T11:48:09.549Z] <<< [apiv2][body] GET https://firebase.googleapis.com/v1beta1/operations/workflows/MzdkYTZlNTctYzQ0Yy00NDFmLThhNDAtNGU2ZGQ2ZmM2Yjcx {"name":"operations/workflows/MzdkYTZlNTctYzQ0Yy00NDFmLThhNDAtNGU2ZGQ2ZmM2Yjcx"}
[debug] [2026-09-06T11:48:11.154Z] [Provision Firebase App Poller] Retrying task index 0
[debug] [2026-09-06T11:48:11.154Z] Checked if tokens are valid: true, expires at: 1788698090747
[debug] [2026-09-06T11:48:11.154Z] Checked if tokens are valid: true, expires at: 1788698090747
[debug] [2026-09-06T11:48:11.154Z] >>> [apiv2][query] GET https://firebase.googleapis.com/v1beta1/operations/workflows/MzdkYTZlNTctYzQ0Yy00NDFmLThhNDAtNGU2ZGQ2ZmM2Yjcx [none]
[debug] [2026-09-06T11:48:11.572Z] <<< [apiv2][status] GET https://firebase.googleapis.com/v1beta1/operations/workflows/MzdkYTZlNTctYzQ0Yy00NDFmLThhNDAtNGU2ZGQ2ZmM2Yjcx 200
[debug] [2026-09-06T11:48:11.572Z] <<< [apiv2][body] GET https://firebase.googleapis.com/v1beta1/operations/workflows/MzdkYTZlNTctYzQ0Yy00NDFmLThhNDAtNGU2ZGQ2ZmM2Yjcx {"name":"operations/workflows/MzdkYTZlNTctYzQ0Yy00NDFmLThhNDAtNGU2ZGQ2ZmM2Yjcx"}
[debug] [2026-09-06T11:48:14.774Z] [Provision Firebase App Poller] Retrying task index 0
[debug] [2026-09-06T11:48:14.774Z] Checked if tokens are valid: true, expires at: 1788698090747
[debug] [2026-09-06T11:48:14.774Z] Checked if tokens are valid: true, expires at: 1788698090747
[debug] [2026-09-06T11:48:14.774Z] >>> [apiv2][query] GET https://firebase.googleapis.com/v1beta1/operations/workflows/MzdkYTZlNTctYzQ0Yy00NDFmLThhNDAtNGU2ZGQ2ZmM2Yjcx [none]
[debug] [2026-09-06T11:48:15.291Z] <<< [apiv2][status] GET https://firebase.googleapis.com/v1beta1/operations/workflows/MzdkYTZlNTctYzQ0Yy00NDFmLThhNDAtNGU2ZGQ2ZmM2Yjcx 200
[debug] [2026-09-06T11:48:15.291Z] <<< [apiv2][body] GET https://firebase.googleapis.com/v1beta1/operations/workflows/MzdkYTZlNTctYzQ0Yy00NDFmLThhNDAtNGU2ZGQ2ZmM2Yjcx {"name":"operations/workflows/MzdkYTZlNTctYzQ0Yy00NDFmLThhNDAtNGU2ZGQ2ZmM2Yjcx","done":true,"response":{"@type":"type.googleapis.com/google.firebase.service.v1alpha.ProvisionFirebaseAppResponse","configMimeType":"application/json","configData":"ewogICJ2ZXJzaW9uIjogIjIiLAogICJwcm9qZWN0TnVtYmVyIjogIjY5ODg0OTc0NTc2IiwKICAicHJvamVjdElkIjogImFzdG9vLTliOTIyIiwKICAiYXBwSWQiOiAiMTo2OTg4NDk3NDU3Njp3ZWI6YTFjY2QzYmE4MGRiM2ZmM2RkMzkzNSIsCiAgInJlYWx0aW1lRGF0YWJhc2VJbnN0YW5jZVVyaSI6ICIiLAogICJyZWFsdGltZURhdGFiYXNlVXJsIjogIiIsCiAgInN0b3JhZ2VCdWNrZXQiOiAiYXN0b28tOWI5MjIuZmlyZWJhc2VzdG9yYWdlLmFwcCIsCiAgImxvY2F0aW9uSWQiOiAiIiwKICAiYXBpS2V5IjogIkFJemFTeUN4U2lLRjRRbnNtSS14VjRsS3hVUEVwdkZfR3NSS2hLWSIsCiAgImF1dGhEb21haW4iOiAiYXN0b28tOWI5MjIuZmlyZWJhc2VhcHAuY29tIiwKICAibWVzc2FnaW5nU2VuZGVySWQiOiAiNjk4ODQ5NzQ1NzYiLAogICJtZWFzdXJlbWVudElkIjogIkctOFNCQ0VQUkMyTiIsCiAgInJlY2FwdGNoYVNpdGVLZXkiOiAiIgp9","appResource":"projects/astoo-9b922/apps/1:69884974576:web:a1ccd3ba80db3ff3dd3935"}}
[debug] [2026-09-06T11:48:15.292Z] [provision] Firebase app provisioning completed successfully
[info] +  Auth providers enabled: email/password 
[debug] [2026-09-06T11:48:15.292Z] [rules] releasing cloud.firestore with ruleset projects/astoo-9b922/rulesets/e0ced58e-455a-4db4-9e15-9d425d1bffc2
[debug] [2026-09-06T11:48:15.292Z] Checked if tokens are valid: true, expires at: 1788698090747
[debug] [2026-09-06T11:48:15.293Z] Checked if tokens are valid: true, expires at: 1788698090747
[debug] [2026-09-06T11:48:15.293Z] >>> [apiv2][query] PATCH https://firebaserules.googleapis.com/v1/projects/astoo-9b922/releases/cloud.firestore [none]
[debug] [2026-09-06T11:48:15.293Z] >>> [apiv2][body] PATCH https://firebaserules.googleapis.com/v1/projects/astoo-9b922/releases/cloud.firestore {"release":{"name":"projects/astoo-9b922/releases/cloud.firestore","rulesetName":"projects/astoo-9b922/rulesets/e0ced58e-455a-4db4-9e15-9d425d1bffc2"}}
[debug] [2026-09-06T11:48:16.531Z] <<< [apiv2][status] PATCH https://firebaserules.googleapis.com/v1/projects/astoo-9b922/releases/cloud.firestore 200
[debug] [2026-09-06T11:48:16.531Z] <<< [apiv2][body] PATCH https://firebaserules.googleapis.com/v1/projects/astoo-9b922/releases/cloud.firestore {"name":"projects/astoo-9b922/releases/cloud.firestore","rulesetName":"projects/astoo-9b922/rulesets/e0ced58e-455a-4db4-9e15-9d425d1bffc2","createTime":"2026-09-02T12:01:14.945159Z","updateTime":"2026-09-06T11:48:16.562245Z"}
[debug] [2026-09-06T11:48:16.531Z] [rules] updated release projects/astoo-9b922/releases/cloud.firestore
[info] +  firestore: released rules firestore.rules to cloud.firestore 
[debug] [2026-09-06T11:48:16.532Z] [
  {
    "config": {
      "public": "dist",
      "ignore": [
        "firebase.json",
        "**/.*",
        "**/node_modules/**"
      ],
      "rewrites": [
        {
          "source": "**",
          "destination": "/index.html"
        }
      ],
      "site": "astoo-9b922"
    },
    "version": "projects/69884974576/sites/astoo-9b922/versions/bf4aaaa2b6e78a8b"
  }
]
[info] i  hosting[astoo-9b922]: finalizing version... 
[debug] [2026-09-06T11:48:16.533Z] Checked if tokens are valid: true, expires at: 1788698090747
[debug] [2026-09-06T11:48:16.534Z] Checked if tokens are valid: true, expires at: 1788698090747
[debug] [2026-09-06T11:48:16.534Z] >>> [apiv2][query] PATCH https://firebasehosting.googleapis.com/v1beta1/projects/-/sites/astoo-9b922/versions/bf4aaaa2b6e78a8b updateMask=status%2Cconfig
[debug] [2026-09-06T11:48:16.534Z] >>> [apiv2][body] PATCH https://firebasehosting.googleapis.com/v1beta1/projects/-/sites/astoo-9b922/versions/bf4aaaa2b6e78a8b {"status":"FINALIZED","config":{"rewrites":[{"glob":"**","path":"/index.html"}]}}
[debug] [2026-09-06T11:48:18.356Z] <<< [apiv2][status] PATCH https://firebasehosting.googleapis.com/v1beta1/projects/-/sites/astoo-9b922/versions/bf4aaaa2b6e78a8b 200
[debug] [2026-09-06T11:48:18.356Z] <<< [apiv2][body] PATCH https://firebasehosting.googleapis.com/v1beta1/projects/-/sites/astoo-9b922/versions/bf4aaaa2b6e78a8b {"name":"projects/69884974576/sites/astoo-9b922/versions/bf4aaaa2b6e78a8b","status":"FINALIZED","config":{"rewrites":[{"glob":"**","path":"/index.html"}]},"labels":{"deployment-tool":"cli-firebase"},"createTime":"2026-09-06T11:47:54.343974Z","createUser":{"email":"mohmad3mmar017@gmail.com"},"finalizeTime":"2026-09-06T11:48:18.278939Z","finalizeUser":{"email":"mohmad3mmar017@gmail.com"}}
[debug] [2026-09-06T11:48:18.356Z] [hosting] finalized version for astoo-9b922:[object Object]
[info] +  hosting[astoo-9b922]: version finalized 
[info] i  hosting[astoo-9b922]: releasing new version... 
[debug] [2026-09-06T11:48:18.357Z] Checked if tokens are valid: true, expires at: 1788698090747
[debug] [2026-09-06T11:48:18.357Z] Checked if tokens are valid: true, expires at: 1788698090747
[debug] [2026-09-06T11:48:18.357Z] >>> [apiv2][query] POST https://firebasehosting.googleapis.com/v1beta1/projects/-/sites/astoo-9b922/channels/live/releases versionName=projects%2F69884974576%2Fsites%2Fastoo-9b922%2Fversions%2Fbf4aaaa2b6e78a8b
[debug] [2026-09-06T11:48:18.357Z] >>> [apiv2][body] POST https://firebasehosting.googleapis.com/v1beta1/projects/-/sites/astoo-9b922/channels/live/releases {}
[debug] [2026-09-06T11:48:19.775Z] <<< [apiv2][status] POST https://firebasehosting.googleapis.com/v1beta1/projects/-/sites/astoo-9b922/channels/live/releases 200
[debug] [2026-09-06T11:48:19.775Z] <<< [apiv2][body] POST https://firebasehosting.googleapis.com/v1beta1/projects/-/sites/astoo-9b922/channels/live/releases {"name":"projects/69884974576/sites/astoo-9b922/channels/live/releases/1788695298740000","version":{"name":"projects/69884974576/sites/astoo-9b922/versions/bf4aaaa2b6e78a8b","status":"FINALIZED","config":{"rewrites":[{"glob":"**","path":"/index.html"}]},"labels":{"deployment-tool":"cli-firebase"},"createTime":"2026-09-06T11:47:54.343974Z","createUser":{"email":"mohmad3mmar017@gmail.com","imageUrl":"https://lh3.googleusercontent.com/a/ACg8ocJe7LRH8_wW2sc61ZZcVZ3mRErFo38Q2IRlVd-76PW91FwHtw=mo"},"finalizeTime":"2026-09-06T11:48:18.278939Z","finalizeUser":{"email":"mohmad3mmar017@gmail.com","imageUrl":"https://lh3.googleusercontent.com/a/ACg8ocJe7LRH8_wW2sc61ZZcVZ3mRErFo38Q2IRlVd-76PW91FwHtw=mo"}},"type":"DEPLOY","releaseTime":"2026-09-06T11:48:18.740Z","releaseUser":{"email":"mohmad3mmar017@gmail.com","imageUrl":"https://lh3.googleusercontent.com/a/ACg8ocJe7LRH8_wW2sc61ZZcVZ3mRErFo38Q2IRlVd-76PW91FwHtw=mo"}}
[debug] [2026-09-06T11:48:19.776Z] [hosting] release: {"name":"projects/69884974576/sites/astoo-9b922/channels/live/releases/1788695298740000","version":{"name":"projects/69884974576/sites/astoo-9b922/versions/bf4aaaa2b6e78a8b","status":"FINALIZED","config":{"rewrites":[{"glob":"**","path":"/index.html"}]},"labels":{"deployment-tool":"cli-firebase"},"createTime":"2026-09-06T11:47:54.343974Z","createUser":{"email":"mohmad3mmar017@gmail.com","imageUrl":"https://lh3.googleusercontent.com/a/ACg8ocJe7LRH8_wW2sc61ZZcVZ3mRErFo38Q2IRlVd-76PW91FwHtw=mo"},"finalizeTime":"2026-09-06T11:48:18.278939Z","finalizeUser":{"email":"mohmad3mmar017@gmail.com","imageUrl":"https://lh3.googleusercontent.com/a/ACg8ocJe7LRH8_wW2sc61ZZcVZ3mRErFo38Q2IRlVd-76PW91FwHtw=mo"}},"type":"DEPLOY","releaseTime":"2026-09-06T11:48:18.740Z","releaseUser":{"email":"mohmad3mmar017@gmail.com","imageUrl":"https://lh3.googleusercontent.com/a/ACg8ocJe7LRH8_wW2sc61ZZcVZ3mRErFo38Q2IRlVd-76PW91FwHtw=mo"}}
[info] +  hosting[astoo-9b922]: release complete 
[info] 
[info] +  Deploy complete! 
[info] 
[info] Project Console: https://console.firebase.google.com/project/astoo-9b922/overview
[info] Hosting URL: https://astoo-9b922.web.app
[debug] [2026-09-06T11:59:08.727Z] ----------------------------------------------------------------------
[debug] [2026-09-06T11:59:08.733Z] Command:       C:\Program Files\nodejs\node.exe C:\Users\mohlb\Downloads\نظام-إدارة-أسطول-السيارات (4)\node_modules\firebase-tools\lib\bin\firebase.js deploy --project astoo-9b922
[debug] [2026-09-06T11:59:08.733Z] CLI Version:   15.28.2
[debug] [2026-09-06T11:59:08.734Z] Platform:      win32
[debug] [2026-09-06T11:59:08.734Z] Node Version:  v25.6.0
[debug] [2026-09-06T11:59:08.734Z] Detected Agent: codex_cli
[debug] [2026-09-06T11:59:08.734Z] Time:          Sun Sep 06 2026 14:59:08 GMT+0300 (Arabian Standard Time)
[debug] [2026-09-06T11:59:08.734Z] ----------------------------------------------------------------------
[debug] 
[debug] [2026-09-06T11:59:11.065Z] > command requires scopes: ["email","openid","https://www.googleapis.com/auth/cloudplatformprojects.readonly","https://www.googleapis.com/auth/firebase","https://www.googleapis.com/auth/cloud-platform"]
[debug] [2026-09-06T11:59:11.065Z] > authorizing via signed-in user (mohmad3mmar017@gmail.com)
[debug] [2026-09-06T11:59:11.065Z] [iam] checking project astoo-9b922 for permissions ["datastore.indexes.create","datastore.indexes.delete","datastore.indexes.list","datastore.indexes.update","firebase.projects.get","firebase.projects.update","firebaseauth.configs.update","firebasehosting.sites.update"]
[debug] [2026-09-06T11:59:11.082Z] Checked if tokens are valid: true, expires at: 1788698090747
[debug] [2026-09-06T11:59:11.083Z] Checked if tokens are valid: true, expires at: 1788698090747
[debug] [2026-09-06T11:59:11.084Z] >>> [apiv2][query] POST https://cloudresourcemanager.googleapis.com/v1/projects/astoo-9b922:testIamPermissions [none]
[debug] [2026-09-06T11:59:11.084Z] >>> [apiv2][(partial)header] POST https://cloudresourcemanager.googleapis.com/v1/projects/astoo-9b922:testIamPermissions  x-goog-user-project=astoo-9b922
[debug] [2026-09-06T11:59:11.085Z] >>> [apiv2][body] POST https://cloudresourcemanager.googleapis.com/v1/projects/astoo-9b922:testIamPermissions {"permissions":["datastore.indexes.create","datastore.indexes.delete","datastore.indexes.list","datastore.indexes.update","firebase.projects.get","firebase.projects.update","firebaseauth.configs.update","firebasehosting.sites.update"]}
[debug] [2026-09-06T11:59:11.724Z] <<< [apiv2][status] POST https://cloudresourcemanager.googleapis.com/v1/projects/astoo-9b922:testIamPermissions 200
[debug] [2026-09-06T11:59:11.724Z] <<< [apiv2][body] POST https://cloudresourcemanager.googleapis.com/v1/projects/astoo-9b922:testIamPermissions {"permissions":["datastore.indexes.create","datastore.indexes.delete","datastore.indexes.list","datastore.indexes.update","firebase.projects.get","firebase.projects.update","firebaseauth.configs.update","firebasehosting.sites.update"]}
[debug] [2026-09-06T11:59:11.725Z] Checked if tokens are valid: true, expires at: 1788698090747
[debug] [2026-09-06T11:59:11.725Z] Checked if tokens are valid: true, expires at: 1788698090747
[debug] [2026-09-06T11:59:11.725Z] >>> [apiv2][query] GET https://firebase.googleapis.com/v1beta1/projects/astoo-9b922 [none]
[debug] [2026-09-06T11:59:12.368Z] <<< [apiv2][status] GET https://firebase.googleapis.com/v1beta1/projects/astoo-9b922 200
[debug] [2026-09-06T11:59:12.368Z] <<< [apiv2][body] GET https://firebase.googleapis.com/v1beta1/projects/astoo-9b922 {"projectId":"astoo-9b922","projectNumber":"69884974576","displayName":"astool","name":"projects/astoo-9b922","resources":{"hostingSite":"astoo-9b922"},"state":"ACTIVE","labels":{"firebase":"enabled"},"etag":"1_6c53699e-6b5e-4892-8064-94bd6a47ad41"}
[info] 
[info] === Deploying to 'astoo-9b922'...
[info] 
[info] i  deploying firestore, hosting, auth 
[info] i  firestore: ensuring required API firestore.googleapis.com is enabled... 
[info] i  firestore: ensuring required API firestore.googleapis.com is enabled... 
[debug] [2026-09-06T11:59:12.374Z] Checked if tokens are valid: true, expires at: 1788698090747
[debug] [2026-09-06T11:59:12.374Z] Checked if tokens are valid: true, expires at: 1788698090747
[debug] [2026-09-06T11:59:12.374Z] >>> [apiv2][query] GET https://firestore.googleapis.com/v1/projects/astoo-9b922/databases/(default) [none]
[debug] [2026-09-06T11:59:13.041Z] <<< [apiv2][status] GET https://firestore.googleapis.com/v1/projects/astoo-9b922/databases/(default) 200
[debug] [2026-09-06T11:59:13.042Z] <<< [apiv2][body] GET https://firestore.googleapis.com/v1/projects/astoo-9b922/databases/(default) {"name":"projects/astoo-9b922/databases/(default)","uid":"75a4197d-4b07-4e73-9c2c-90d6a1316200","createTime":"2026-09-02T12:00:56.704389Z","updateTime":"2026-09-02T12:00:56.704389Z","locationId":"nam5","type":"FIRESTORE_NATIVE","concurrencyMode":"PESSIMISTIC","versionRetentionPeriod":"3600s","earliestVersionTime":"2026-09-06T10:59:13.095327Z","appEngineIntegrationMode":"DISABLED","keyPrefix":"s","pointInTimeRecoveryEnablement":"POINT_IN_TIME_RECOVERY_DISABLED","deleteProtectionState":"DELETE_PROTECTION_DISABLED","databaseEdition":"STANDARD","freeTier":true,"realtimeUpdatesMode":"REALTIME_UPDATES_MODE_ENABLED","enhancedTextSearchQueryMode":"ENHANCED_QUERY_MODE_ENABLED","etag":"IIPxlNfz2ZYDMJfbxozB0ZYD"}
[info] i  firestore: reading indexes from firestore.indexes.json... 
[info] i  cloud.firestore: checking firestore.rules for compilation errors... 
[debug] [2026-09-06T11:59:13.044Z] Checked if tokens are valid: true, expires at: 1788698090747
[debug] [2026-09-06T11:59:13.044Z] Checked if tokens are valid: true, expires at: 1788698090747
[debug] [2026-09-06T11:59:13.044Z] >>> [apiv2][query] POST https://firebaserules.googleapis.com/v1/projects/astoo-9b922:test [none]
[debug] [2026-09-06T11:59:13.044Z] >>> [apiv2][body] POST https://firebaserules.googleapis.com/v1/projects/astoo-9b922:test [omitted]
[debug] [2026-09-06T11:59:13.852Z] <<< [apiv2][status] POST https://firebaserules.googleapis.com/v1/projects/astoo-9b922:test 200
[debug] [2026-09-06T11:59:13.852Z] <<< [apiv2][body] POST https://firebaserules.googleapis.com/v1/projects/astoo-9b922:test {}
[info] +  cloud.firestore: rules file firestore.rules compiled successfully 
[debug] [2026-09-06T11:59:13.854Z] Checked if tokens are valid: true, expires at: 1788698090747
[debug] [2026-09-06T11:59:13.854Z] Checked if tokens are valid: true, expires at: 1788698090747
[debug] [2026-09-06T11:59:13.854Z] >>> [apiv2][query] GET https://firebasehosting.googleapis.com/v1beta1/projects/astoo-9b922/sites/astoo-9b922 [none]
[debug] [2026-09-06T11:59:15.128Z] <<< [apiv2][status] GET https://firebasehosting.googleapis.com/v1beta1/projects/astoo-9b922/sites/astoo-9b922 200
[debug] [2026-09-06T11:59:15.128Z] <<< [apiv2][body] GET https://firebasehosting.googleapis.com/v1beta1/projects/astoo-9b922/sites/astoo-9b922 {"name":"projects/astoo-9b922/sites/astoo-9b922","defaultUrl":"https://astoo-9b922.web.app","type":"DEFAULT_SITE"}
[debug] [2026-09-06T11:59:15.131Z] Checked if tokens are valid: true, expires at: 1788698090747
[debug] [2026-09-06T11:59:15.131Z] Checked if tokens are valid: true, expires at: 1788698090747
[debug] [2026-09-06T11:59:15.132Z] >>> [apiv2][query] POST https://firebasehosting.googleapis.com/v1beta1/projects/-/sites/astoo-9b922/versions [none]
[debug] [2026-09-06T11:59:15.132Z] >>> [apiv2][body] POST https://firebasehosting.googleapis.com/v1beta1/projects/-/sites/astoo-9b922/versions {"status":"CREATED","labels":{"deployment-tool":"cli-firebase"}}
[debug] [2026-09-06T11:59:17.099Z] <<< [apiv2][status] POST https://firebasehosting.googleapis.com/v1beta1/projects/-/sites/astoo-9b922/versions 200
[debug] [2026-09-06T11:59:17.099Z] <<< [apiv2][body] POST https://firebasehosting.googleapis.com/v1beta1/projects/-/sites/astoo-9b922/versions {"name":"projects/69884974576/sites/astoo-9b922/versions/bb5bb711adcc2468","status":"CREATED","config":{},"labels":{"deployment-tool":"cli-firebase"}}
[debug] [2026-09-06T11:59:17.100Z] Checked if tokens are valid: true, expires at: 1788698090747
[debug] [2026-09-06T11:59:17.100Z] Checked if tokens are valid: true, expires at: 1788698090747
[debug] [2026-09-06T11:59:17.100Z] >>> [apiv2][query] GET https://firebase.googleapis.com/v1beta1/projects/astoo-9b922/webApps pageSize=100
[debug] [2026-09-06T11:59:17.847Z] <<< [apiv2][status] GET https://firebase.googleapis.com/v1beta1/projects/astoo-9b922/webApps 200
[debug] [2026-09-06T11:59:17.848Z] <<< [apiv2][body] GET https://firebase.googleapis.com/v1beta1/projects/astoo-9b922/webApps {"apps":[{"name":"projects/astoo-9b922/webApps/1:69884974576:web:a1ccd3ba80db3ff3dd3935","appId":"1:69884974576:web:a1ccd3ba80db3ff3dd3935","displayName":"astool","projectId":"astoo-9b922","webId":"NjgyNWQyOGUtY2NmMi00OGVhLTgxZGMtZmRhNDU4MjJhMmVk","apiKeyId":"bcb06143-157a-464d-a680-a6db2db92f84","state":"ACTIVE","expireTime":"1970-01-01T00:00:00Z","etag":"1_bc277032-b198-4758-a049-344316c5f0cb"}]}
[debug] [2026-09-06T11:59:17.848Z] Checked if tokens are valid: true, expires at: 1788698090747
[debug] [2026-09-06T11:59:17.849Z] Checked if tokens are valid: true, expires at: 1788698090747
[debug] [2026-09-06T11:59:17.849Z] >>> [apiv2][query] GET https://firebaserules.googleapis.com/v1/projects/astoo-9b922/releases pageSize=10&pageToken=
[debug] [2026-09-06T11:59:18.622Z] <<< [apiv2][status] GET https://firebaserules.googleapis.com/v1/projects/astoo-9b922/releases 200
[debug] [2026-09-06T11:59:18.622Z] <<< [apiv2][body] GET https://firebaserules.googleapis.com/v1/projects/astoo-9b922/releases {"releases":[{"name":"projects/astoo-9b922/releases/cloud.firestore","rulesetName":"projects/astoo-9b922/rulesets/e0ced58e-455a-4db4-9e15-9d425d1bffc2","createTime":"2026-09-02T12:01:14.945159Z","updateTime":"2026-09-06T11:48:16.562245Z"}]}
[debug] [2026-09-06T11:59:18.623Z] Checked if tokens are valid: true, expires at: 1788698090747
[debug] [2026-09-06T11:59:18.623Z] Checked if tokens are valid: true, expires at: 1788698090747
[debug] [2026-09-06T11:59:18.623Z] >>> [apiv2][query] GET https://firebaserules.googleapis.com/v1/projects/astoo-9b922/rulesets/e0ced58e-455a-4db4-9e15-9d425d1bffc2 [none]
[debug] [2026-09-06T11:59:19.423Z] <<< [apiv2][status] GET https://firebaserules.googleapis.com/v1/projects/astoo-9b922/rulesets/e0ced58e-455a-4db4-9e15-9d425d1bffc2 200
[debug] [2026-09-06T11:59:19.423Z] <<< [apiv2][body] GET https://firebaserules.googleapis.com/v1/projects/astoo-9b922/rulesets/e0ced58e-455a-4db4-9e15-9d425d1bffc2 [omitted]
[info] i  firestore: uploading rules firestore.rules... 
[debug] [2026-09-06T11:59:19.425Z] Checked if tokens are valid: true, expires at: 1788698090747
[debug] [2026-09-06T11:59:19.425Z] Checked if tokens are valid: true, expires at: 1788698090747
[debug] [2026-09-06T11:59:19.426Z] >>> [apiv2][query] POST https://firebaserules.googleapis.com/v1/projects/astoo-9b922/rulesets [none]
[debug] [2026-09-06T11:59:19.426Z] >>> [apiv2][body] POST https://firebaserules.googleapis.com/v1/projects/astoo-9b922/rulesets [omitted]
[debug] [2026-09-06T11:59:20.397Z] <<< [apiv2][status] POST https://firebaserules.googleapis.com/v1/projects/astoo-9b922/rulesets 200
[debug] [2026-09-06T11:59:20.397Z] <<< [apiv2][body] POST https://firebaserules.googleapis.com/v1/projects/astoo-9b922/rulesets {"name":"projects/astoo-9b922/rulesets/0cb287c4-763d-4ad4-8f77-ce91fcd1da28","source":{"files":[{"content":"rules_version = '2';\n\nservice cloud.firestore {\n  match /databases/{database}/documents {\n    function isAdmin() {\n      return request.auth != null && request.auth.token.email == \"moon@astool.com\";\n    }\n\n    function hasText(value, maxLength) {\n      return value is string && value.size() > 0 && value.size() <= maxLength;\n    }\n\n    function validDriverUpdate(updateId) {\n      let publicVehicle = get(/databases/$(database)/documents/publicVehicles/$(request.resource.data.qrToken));\n      let vehicle = get(/databases/$(database)/documents/vehicles/$(publicVehicle.data.vehicleId));\n      return request.auth == null\n        && request.resource.data.keys().hasOnly([\n          'id', 'vehicleId', 'qrToken', 'plateNumber', 'vehicleName', 'driverName', 'nationalId',\n          'previousMileage', 'newMileage', 'notes', 'faultReported', 'issueId', 'createdAt'\n        ])\n        && request.resource.data.id == updateId\n        && request.resource.data.vehicleId == publicVehicle.data.vehicleId\n        && request.resource.data.plateNumber == publicVehicle.data.licensePlate\n        && request.resource.data.vehicleName == publicVehicle.data.vehicleName\n        && hasText(request.resource.data.driverName, 100)\n        && request.resource.data.nationalId is string\n        && request.resource.data.nationalId.matches('^[0-9]{10}$')\n        && (\n          !vehicle.data.keys().hasAll(['assignedDriverName', 'assignedDriverNationalId'])\n          || (\n            request.resource.data.driverName == vehicle.data.assignedDriverName\n            && request.resource.data.nationalId == vehicle.data.assignedDriverNationalId\n          )\n        )\n        && request.resource.data.previousMileage is int\n        && request.resource.data.newMileage is int\n        && request.resource.data.previousMileage == publicVehicle.data.currentMileage\n        && request.resource.data.newMileage >= request.resource.data.previousMileage\n        && request.resource.data.notes is string\n        && request.resource.data.notes.size() <= 800\n        && request.resource.data.faultReported is bool\n        && request.resource.data.createdAt == request.time\n        && getAfter(/databases/$(database)/documents/vehicles/$(request.resource.data.vehicleId)).data.currentMileage == request.resource.data.newMileage\n        && getAfter(/databases/$(database)/documents/vehicles/$(request.resource.data.vehicleId)).data.lastDriverUpdateId == updateId\n        && getAfter(/databases/$(database)/documents/publicVehicles/$(request.resource.data.qrToken)).data.currentMileage == request.resource.data.newMileage\n        && getAfter(/databases/$(database)/documents/publicVehicles/$(request.resource.data.qrToken)).data.lastDriverUpdateId == updateId;\n    }\n\n    function validPublicVehicleMileageUpdate(vehicleId) {\n      let updateId = request.resource.data.lastDriverUpdateId;\n      let driverUpdate = getAfter(/databases/$(database)/documents/driverUpdates/$(updateId));\n      return request.auth == null\n        && request.resource.data.diff(resource.data).affectedKeys().hasOnly(['currentMileage', 'updatedAt', 'lastDriverUpdateId'])\n        && request.resource.data.currentMileage >= resource.data.currentMileage\n        && request.resource.data.updatedAt is int\n        && updateId is string\n        && driverUpdate.data.vehicleId == vehicleId\n        && driverUpdate.data.previousMileage == resource.data.currentMileage\n        && driverUpdate.data.newMileage == request.resource.data.currentMileage;\n    }\n\n    function validPublicAccessMileageUpdate(token) {\n      let updateId = request.resource.data.lastDriverUpdateId;\n      let driverUpdate = getAfter(/databases/$(database)/documents/driverUpdates/$(updateId));\n      return request.auth == null\n        && request.resource.data.diff(resource.data).affectedKeys().hasOnly(['currentMileage', 'updatedAt', 'lastDriverUpdateId'])\n        && request.resource.data.currentMileage >= resource.data.currentMileage\n        && request.resource.data.updatedAt is int\n        && updateId is string\n        && driverUpdate.data.qrToken == token\n        && driverUpdate.data.vehicleId == resource.data.vehicleId\n        && driverUpdate.data.previousMileage == resource.data.currentMileage\n        && driverUpdate.data.newMileage == request.resource.data.currentMileage;\n    }\n\n    function validIssue(issueId) {\n      let driverUpdate = getAfter(/databases/$(database)/documents/driverUpdates/$(request.resource.data.driverUpdateId));\n      return request.auth == null\n        && request.resource.data.keys().hasOnly([\n          'id', 'vehicleId', 'driverUpdateId', 'plateNumber', 'vehicleName', 'driverName', 'nationalId',\n          'description', 'priority', 'status', 'createdAt'\n        ])\n        && request.resource.data.id == issueId\n        && request.resource.data.driverUpdateId is string\n        && driverUpdate.data.faultReported == true\n        && request.resource.data.vehicleId == driverUpdate.data.vehicleId\n        && request.resource.data.plateNumber == driverUpdate.data.plateNumber\n        && request.resource.data.vehicleName == driverUpdate.data.vehicleName\n        && request.resource.data.driverName == driverUpdate.data.driverName\n        && request.resource.data.nationalId == driverUpdate.data.nationalId\n        && hasText(request.resource.data.description, 800)\n        && request.resource.data.priority in ['منخفضة', 'متوسطة', 'عالية', 'طارئة']\n        && request.resource.data.status == 'جديد'\n        && request.resource.data.createdAt == request.time\n        && request.resource.data.id == driverUpdate.data.issueId;\n    }\n\n    function validDriverAudit(auditId) {\n      let driverUpdate = getAfter(/databases/$(database)/documents/driverUpdates/$(request.resource.data.driverUpdateId));\n      return request.auth == null\n        && request.resource.data.keys().hasOnly([\n          'id', 'actorType', 'actorName', 'actorNationalId', 'action', 'vehicleId', 'plateNumber',\n          'oldData', 'newData', 'driverUpdateId', 'issueId', 'priority', 'createdAt'\n        ])\n        && request.resource.data.id == auditId\n        && request.resource.data.actorType == 'driver'\n        && request.resource.data.actorName == driverUpdate.data.driverName\n        && request.resource.data.actorNationalId == driverUpdate.data.nationalId\n        && request.resource.data.action == 'تحديث ممشى من QR'\n        && request.resource.data.vehicleId == driverUpdate.data.vehicleId\n        && request.resource.data.plateNumber == driverUpdate.data.plateNumber\n        && request.resource.data.driverUpdateId == driverUpdate.data.id\n        && request.resource.data.issueId == driverUpdate.data.issueId\n        && request.resource.data.oldData.currentMileage == driverUpdate.data.previousMileage\n        && request.resource.data.newData.currentMileage == driverUpdate.data.newMileage\n        && request.resource.data.createdAt == request.time;\n    }\n\n    match /publicVehicles/{token} {\n      allow get: if true;\n      allow list: if false;\n      allow create, delete: if isAdmin();\n      allow update: if isAdmin() || validPublicAccessMileageUpdate(token);\n    }\n\n    match /publicVehiclePlates/{plateKey} {\n      allow get: if true;\n      allow list: if false;\n      allow create, update, delete: if isAdmin();\n    }\n\n    match /vehicles/{vehicleId} {\n      allow read, create, delete: if isAdmin();\n      allow update: if isAdmin() || validPublicVehicleMileageUpdate(vehicleId);\n    }\n\n    match /driverUpdates/{updateId} {\n      allow read, update, delete: if isAdmin();\n      allow create: if isAdmin() || validDriverUpdate(updateId);\n    }\n\n    match /vehicleIssues/{issueId} {\n      allow read, update, delete: if isAdmin();\n      allow create: if isAdmin() || validIssue(issueId);\n    }\n\n    match /auditLogs/{auditId} {\n      allow read, update, delete: if isAdmin();\n      allow create: if isAdmin() || validDriverAudit(auditId);\n    }\n\n    match /rules/{ruleId} {\n      allow read, write: if isAdmin();\n    }\n\n    match /records/{recordId} {\n      allow read, write: if isAdmin();\n    }\n\n    match /plates/{plateKey} {\n      allow read, write: if isAdmin();\n    }\n\n    match /{document=**} {\n      allow read, write: if false;\n    }\n  }\n}\n","name":"firestore.rules"}]},"createTime":"2026-09-06T11:59:20.424623Z","metadata":{"services":["cloud.firestore"]}}
[debug] [2026-09-06T11:59:20.397Z] [rules] created ruleset projects/astoo-9b922/rulesets/0cb287c4-763d-4ad4-8f77-ce91fcd1da28
[info] i  firestore: deploying indexes... 
[debug] [2026-09-06T11:59:20.399Z] Checked if tokens are valid: true, expires at: 1788698090747
[debug] [2026-09-06T11:59:20.399Z] Checked if tokens are valid: true, expires at: 1788698090747
[debug] [2026-09-06T11:59:20.399Z] >>> [apiv2][query] GET https://firestore.googleapis.com/v1/projects/astoo-9b922/databases/(default)/collectionGroups/-/indexes [none]
[debug] [2026-09-06T11:59:21.719Z] <<< [apiv2][status] GET https://firestore.googleapis.com/v1/projects/astoo-9b922/databases/(default)/collectionGroups/-/indexes 200
[debug] [2026-09-06T11:59:21.719Z] <<< [apiv2][body] GET https://firestore.googleapis.com/v1/projects/astoo-9b922/databases/(default)/collectionGroups/-/indexes {}
[debug] [2026-09-06T11:59:21.719Z] Checked if tokens are valid: true, expires at: 1788698090747
[debug] [2026-09-06T11:59:21.719Z] Checked if tokens are valid: true, expires at: 1788698090747
[debug] [2026-09-06T11:59:21.719Z] >>> [apiv2][query] GET https://firestore.googleapis.com/v1/projects/astoo-9b922/databases/(default)/collectionGroups/-/fields?filter=indexConfig.usesAncestorConfig=false OR ttlConfig:* [none]
[debug] [2026-09-06T11:59:22.015Z] <<< [apiv2][status] GET https://firestore.googleapis.com/v1/projects/astoo-9b922/databases/(default)/collectionGroups/-/fields?filter=indexConfig.usesAncestorConfig=false OR ttlConfig:* 200
[debug] [2026-09-06T11:59:22.015Z] <<< [apiv2][body] GET https://firestore.googleapis.com/v1/projects/astoo-9b922/databases/(default)/collectionGroups/-/fields?filter=indexConfig.usesAncestorConfig=false OR ttlConfig:* {"fields":[{"name":"projects/astoo-9b922/databases/(default)/collectionGroups/__default__/fields/*","indexConfig":{"indexes":[{"queryScope":"COLLECTION","fields":[{"fieldPath":"*","order":"ASCENDING"}],"state":"READY"},{"queryScope":"COLLECTION","fields":[{"fieldPath":"*","order":"DESCENDING"}],"state":"READY"},{"queryScope":"COLLECTION","fields":[{"fieldPath":"*","arrayConfig":"CONTAINS"}],"state":"READY"}]}}]}
[debug] [2026-09-06T11:59:22.016Z] Checked if tokens are valid: true, expires at: 1788698090747
[debug] [2026-09-06T11:59:22.016Z] Checked if tokens are valid: true, expires at: 1788698090747
[debug] [2026-09-06T11:59:22.016Z] >>> [apiv2][query] GET https://firestore.googleapis.com/v1/projects/astoo-9b922/databases/(default) [none]
[debug] [2026-09-06T11:59:22.312Z] <<< [apiv2][status] GET https://firestore.googleapis.com/v1/projects/astoo-9b922/databases/(default) 200
[debug] [2026-09-06T11:59:22.312Z] <<< [apiv2][body] GET https://firestore.googleapis.com/v1/projects/astoo-9b922/databases/(default) {"name":"projects/astoo-9b922/databases/(default)","uid":"75a4197d-4b07-4e73-9c2c-90d6a1316200","createTime":"2026-09-02T12:00:56.704389Z","updateTime":"2026-09-02T12:00:56.704389Z","locationId":"nam5","type":"FIRESTORE_NATIVE","concurrencyMode":"PESSIMISTIC","versionRetentionPeriod":"3600s","earliestVersionTime":"2026-09-06T10:59:22.371205Z","appEngineIntegrationMode":"DISABLED","keyPrefix":"s","pointInTimeRecoveryEnablement":"POINT_IN_TIME_RECOVERY_DISABLED","deleteProtectionState":"DELETE_PROTECTION_DISABLED","databaseEdition":"STANDARD","freeTier":true,"realtimeUpdatesMode":"REALTIME_UPDATES_MODE_ENABLED","enhancedTextSearchQueryMode":"ENHANCED_QUERY_MODE_ENABLED","etag":"ILqEy9vz2ZYDMJfbxozB0ZYD"}
[info] +  firestore: deployed indexes in firestore.indexes.json successfully for (default) database 
[info] i  hosting[astoo-9b922]: beginning deploy... 
[info] i  hosting[astoo-9b922]: found 3 files in dist 
[debug] [2026-09-06T11:59:22.329Z] [hosting] uploading with 200 concurrency
[debug] [2026-09-06T11:59:22.391Z] Checked if tokens are valid: true, expires at: 1788698090747
[debug] [2026-09-06T11:59:22.391Z] Checked if tokens are valid: true, expires at: 1788698090747
[debug] [2026-09-06T11:59:22.393Z] [hosting] hash cache [ZGlzdA] stored for 3 files
[debug] [2026-09-06T11:59:22.393Z] [hosting][hash queue][FINAL] {"max":58,"min":5,"avg":22.666666666666668,"active":0,"complete":3,"success":3,"errored":0,"retried":0,"total":3,"elapsed":62}
[debug] [2026-09-06T11:59:22.394Z] >>> [apiv2][query] POST https://firebasehosting.googleapis.com/v1beta1/projects/69884974576/sites/astoo-9b922/versions/bb5bb711adcc2468:populateFiles [none]
[debug] [2026-09-06T11:59:22.394Z] >>> [apiv2][body] POST https://firebasehosting.googleapis.com/v1beta1/projects/69884974576/sites/astoo-9b922/versions/bb5bb711adcc2468:populateFiles {"files":{"/index.html":"d3c9b8d7ab632e352cb7068973a3997b217eaee216f95cdd906af98b4346444b","/assets/index-Yfv1YNdO.css":"443c4ae42507db0ab4a75029de2b1bc5da21408079e0fa30b3e5d9206ee22165","/assets/index-BpS9ydI0.js":"a8680870a60b40d3bcf62a49dc3e85a3a7aa4a6bc06b35e39175ac68188bf1e2"}}
[debug] [2026-09-06T11:59:23.720Z] <<< [apiv2][status] POST https://firebasehosting.googleapis.com/v1beta1/projects/69884974576/sites/astoo-9b922/versions/bb5bb711adcc2468:populateFiles 200
[debug] [2026-09-06T11:59:23.720Z] <<< [apiv2][body] POST https://firebasehosting.googleapis.com/v1beta1/projects/69884974576/sites/astoo-9b922/versions/bb5bb711adcc2468:populateFiles {"uploadRequiredHashes":["a8680870a60b40d3bcf62a49dc3e85a3a7aa4a6bc06b35e39175ac68188bf1e2","d3c9b8d7ab632e352cb7068973a3997b217eaee216f95cdd906af98b4346444b","443c4ae42507db0ab4a75029de2b1bc5da21408079e0fa30b3e5d9206ee22165"],"uploadUrl":"https://upload-firebasehosting.googleapis.com/upload/sites/astoo-9b922/versions/bb5bb711adcc2468/files"}
[debug] [2026-09-06T11:59:23.721Z] Checked if tokens are valid: true, expires at: 1788698090747
[debug] [2026-09-06T11:59:23.721Z] Checked if tokens are valid: true, expires at: 1788698090747
[debug] [2026-09-06T11:59:23.721Z] Checked if tokens are valid: true, expires at: 1788698090747
[debug] [2026-09-06T11:59:23.721Z] Checked if tokens are valid: true, expires at: 1788698090747
[debug] [2026-09-06T11:59:23.722Z] Checked if tokens are valid: true, expires at: 1788698090747
[debug] [2026-09-06T11:59:23.722Z] Checked if tokens are valid: true, expires at: 1788698090747
[debug] [2026-09-06T11:59:23.722Z] >>> [apiv2][query] POST https://upload-firebasehosting.googleapis.com/upload/sites/astoo-9b922/versions/bb5bb711adcc2468/files/a8680870a60b40d3bcf62a49dc3e85a3a7aa4a6bc06b35e39175ac68188bf1e2 [none]
[debug] [2026-09-06T11:59:23.722Z] >>> [apiv2][body] POST https://upload-firebasehosting.googleapis.com/upload/sites/astoo-9b922/versions/bb5bb711adcc2468/files/a8680870a60b40d3bcf62a49dc3e85a3a7aa4a6bc06b35e39175ac68188bf1e2 [stream]
[debug] [2026-09-06T11:59:23.723Z] >>> [apiv2][query] POST https://upload-firebasehosting.googleapis.com/upload/sites/astoo-9b922/versions/bb5bb711adcc2468/files/d3c9b8d7ab632e352cb7068973a3997b217eaee216f95cdd906af98b4346444b [none]
[debug] [2026-09-06T11:59:23.723Z] >>> [apiv2][body] POST https://upload-firebasehosting.googleapis.com/upload/sites/astoo-9b922/versions/bb5bb711adcc2468/files/d3c9b8d7ab632e352cb7068973a3997b217eaee216f95cdd906af98b4346444b [stream]
[debug] [2026-09-06T11:59:23.724Z] >>> [apiv2][query] POST https://upload-firebasehosting.googleapis.com/upload/sites/astoo-9b922/versions/bb5bb711adcc2468/files/443c4ae42507db0ab4a75029de2b1bc5da21408079e0fa30b3e5d9206ee22165 [none]
[debug] [2026-09-06T11:59:23.724Z] >>> [apiv2][body] POST https://upload-firebasehosting.googleapis.com/upload/sites/astoo-9b922/versions/bb5bb711adcc2468/files/443c4ae42507db0ab4a75029de2b1bc5da21408079e0fa30b3e5d9206ee22165 [stream]
[debug] [2026-09-06T11:59:23.727Z] [hosting][populate queue][FINAL] {"max":1332,"min":1332,"avg":1332,"active":0,"complete":1,"success":1,"errored":0,"retried":0,"total":1,"elapsed":1337}
[debug] [2026-09-06T11:59:23.727Z] [hosting] uploads queued: 3
[info] i  hosting: uploading new files [0/3] (0%) 
[debug] [2026-09-06T11:59:25.049Z] <<< [apiv2][status] POST https://upload-firebasehosting.googleapis.com/upload/sites/astoo-9b922/versions/bb5bb711adcc2468/files/d3c9b8d7ab632e352cb7068973a3997b217eaee216f95cdd906af98b4346444b 200
[debug] [2026-09-06T11:59:25.049Z] <<< [apiv2][body] POST https://upload-firebasehosting.googleapis.com/upload/sites/astoo-9b922/versions/bb5bb711adcc2468/files/d3c9b8d7ab632e352cb7068973a3997b217eaee216f95cdd906af98b4346444b [stream]
[debug] [2026-09-06T11:59:25.371Z] <<< [apiv2][status] POST https://upload-firebasehosting.googleapis.com/upload/sites/astoo-9b922/versions/bb5bb711adcc2468/files/443c4ae42507db0ab4a75029de2b1bc5da21408079e0fa30b3e5d9206ee22165 200
[debug] [2026-09-06T11:59:25.371Z] <<< [apiv2][body] POST https://upload-firebasehosting.googleapis.com/upload/sites/astoo-9b922/versions/bb5bb711adcc2468/files/443c4ae42507db0ab4a75029de2b1bc5da21408079e0fa30b3e5d9206ee22165 [stream]
[debug] [2026-09-06T11:59:25.691Z] <<< [apiv2][status] POST https://upload-firebasehosting.googleapis.com/upload/sites/astoo-9b922/versions/bb5bb711adcc2468/files/a8680870a60b40d3bcf62a49dc3e85a3a7aa4a6bc06b35e39175ac68188bf1e2 200
[debug] [2026-09-06T11:59:25.692Z] <<< [apiv2][body] POST https://upload-firebasehosting.googleapis.com/upload/sites/astoo-9b922/versions/bb5bb711adcc2468/files/a8680870a60b40d3bcf62a49dc3e85a3a7aa4a6bc06b35e39175ac68188bf1e2 [stream]
[debug] [2026-09-06T11:59:25.692Z] [hosting][upload queue][FINAL] {"max":1971,"min":1328,"avg":1649.3333333333333,"active":0,"complete":3,"success":3,"errored":0,"retried":0,"total":3,"elapsed":1971}
[info] i  hosting: upload complete 
[info] +  hosting[astoo-9b922]: file upload complete 
[debug] [2026-09-06T11:59:25.692Z] [hosting] deploy completed after 3376ms
[info] Enabling auth providers: email/password...
[debug] [2026-09-06T11:59:25.693Z] [provision] Starting Firebase app provisioning...
[debug] [2026-09-06T11:59:25.693Z] [provision] Request: {
  "appNamespace": "1:69884974576:web:a1ccd3ba80db3ff3dd3935",
  "parent": "projects/astoo-9b922",
  "firebaseAuthInput": {
    "emailAuthProviderMode": "PROVIDER_ENABLED"
  },
  "webInput": {}
}
[debug] [2026-09-06T11:59:25.693Z] Checked if tokens are valid: true, expires at: 1788698090747
[debug] [2026-09-06T11:59:25.693Z] Checked if tokens are valid: true, expires at: 1788698090747
[debug] [2026-09-06T11:59:25.693Z] >>> [apiv2][query] POST https://firebase.googleapis.com/v1alpha/firebase:provisionFirebaseApp [none]
[debug] [2026-09-06T11:59:25.694Z] >>> [apiv2][body] POST https://firebase.googleapis.com/v1alpha/firebase:provisionFirebaseApp {"appNamespace":"1:69884974576:web:a1ccd3ba80db3ff3dd3935","parent":"projects/astoo-9b922","firebaseAuthInput":{"emailAuthProviderMode":"PROVIDER_ENABLED"},"webInput":{}}
[debug] [2026-09-06T11:59:27.238Z] <<< [apiv2][status] POST https://firebase.googleapis.com/v1alpha/firebase:provisionFirebaseApp 200
[debug] [2026-09-06T11:59:27.238Z] <<< [apiv2][body] POST https://firebase.googleapis.com/v1alpha/firebase:provisionFirebaseApp {"name":"operations/workflows/NmU3NjE2NzUtNzQyMS00OTc2LWIzODMtZGRiMTgyMGIzYjNi"}
[debug] [2026-09-06T11:59:27.238Z] [provision] Operation started: operations/workflows/NmU3NjE2NzUtNzQyMS00OTc2LWIzODMtZGRiMTgyMGIzYjNi
[debug] [2026-09-06T11:59:27.238Z] [provision] Polling for operation completion...
[debug] [2026-09-06T11:59:27.239Z] Checked if tokens are valid: true, expires at: 1788698090747
[debug] [2026-09-06T11:59:27.239Z] Checked if tokens are valid: true, expires at: 1788698090747
[debug] [2026-09-06T11:59:27.240Z] >>> [apiv2][query] GET https://firebase.googleapis.com/v1beta1/operations/workflows/NmU3NjE2NzUtNzQyMS00OTc2LWIzODMtZGRiMTgyMGIzYjNi [none]
[debug] [2026-09-06T11:59:27.744Z] <<< [apiv2][status] GET https://firebase.googleapis.com/v1beta1/operations/workflows/NmU3NjE2NzUtNzQyMS00OTc2LWIzODMtZGRiMTgyMGIzYjNi 200
[debug] [2026-09-06T11:59:27.744Z] <<< [apiv2][body] GET https://firebase.googleapis.com/v1beta1/operations/workflows/NmU3NjE2NzUtNzQyMS00OTc2LWIzODMtZGRiMTgyMGIzYjNi {"name":"operations/workflows/NmU3NjE2NzUtNzQyMS00OTc2LWIzODMtZGRiMTgyMGIzYjNi"}
[debug] [2026-09-06T11:59:27.947Z] [Provision Firebase App Poller] Retrying task index 0
[debug] [2026-09-06T11:59:27.947Z] Checked if tokens are valid: true, expires at: 1788698090747
[debug] [2026-09-06T11:59:27.948Z] Checked if tokens are valid: true, expires at: 1788698090747
[debug] [2026-09-06T11:59:27.948Z] >>> [apiv2][query] GET https://firebase.googleapis.com/v1beta1/operations/workflows/NmU3NjE2NzUtNzQyMS00OTc2LWIzODMtZGRiMTgyMGIzYjNi [none]
[debug] [2026-09-06T11:59:28.394Z] <<< [apiv2][status] GET https://firebase.googleapis.com/v1beta1/operations/workflows/NmU3NjE2NzUtNzQyMS00OTc2LWIzODMtZGRiMTgyMGIzYjNi 200
[debug] [2026-09-06T11:59:28.395Z] <<< [apiv2][body] GET https://firebase.googleapis.com/v1beta1/operations/workflows/NmU3NjE2NzUtNzQyMS00OTc2LWIzODMtZGRiMTgyMGIzYjNi {"name":"operations/workflows/NmU3NjE2NzUtNzQyMS00OTc2LWIzODMtZGRiMTgyMGIzYjNi"}
[debug] [2026-09-06T11:59:28.809Z] [Provision Firebase App Poller] Retrying task index 0
[debug] [2026-09-06T11:59:28.809Z] Checked if tokens are valid: true, expires at: 1788698090747
[debug] [2026-09-06T11:59:28.809Z] Checked if tokens are valid: true, expires at: 1788698090747
[debug] [2026-09-06T11:59:28.809Z] >>> [apiv2][query] GET https://firebase.googleapis.com/v1beta1/operations/workflows/NmU3NjE2NzUtNzQyMS00OTc2LWIzODMtZGRiMTgyMGIzYjNi [none]
[debug] [2026-09-06T11:59:29.331Z] <<< [apiv2][status] GET https://firebase.googleapis.com/v1beta1/operations/workflows/NmU3NjE2NzUtNzQyMS00OTc2LWIzODMtZGRiMTgyMGIzYjNi 200
[debug] [2026-09-06T11:59:29.332Z] <<< [apiv2][body] GET https://firebase.googleapis.com/v1beta1/operations/workflows/NmU3NjE2NzUtNzQyMS00OTc2LWIzODMtZGRiMTgyMGIzYjNi {"name":"operations/workflows/NmU3NjE2NzUtNzQyMS00OTc2LWIzODMtZGRiMTgyMGIzYjNi"}
[debug] [2026-09-06T11:59:30.135Z] [Provision Firebase App Poller] Retrying task index 0
[debug] [2026-09-06T11:59:30.136Z] Checked if tokens are valid: true, expires at: 1788698090747
[debug] [2026-09-06T11:59:30.136Z] Checked if tokens are valid: true, expires at: 1788698090747
[debug] [2026-09-06T11:59:30.136Z] >>> [apiv2][query] GET https://firebase.googleapis.com/v1beta1/operations/workflows/NmU3NjE2NzUtNzQyMS00OTc2LWIzODMtZGRiMTgyMGIzYjNi [none]
[debug] [2026-09-06T11:59:30.666Z] <<< [apiv2][status] GET https://firebase.googleapis.com/v1beta1/operations/workflows/NmU3NjE2NzUtNzQyMS00OTc2LWIzODMtZGRiMTgyMGIzYjNi 200
[debug] [2026-09-06T11:59:30.667Z] <<< [apiv2][body] GET https://firebase.googleapis.com/v1beta1/operations/workflows/NmU3NjE2NzUtNzQyMS00OTc2LWIzODMtZGRiMTgyMGIzYjNi {"name":"operations/workflows/NmU3NjE2NzUtNzQyMS00OTc2LWIzODMtZGRiMTgyMGIzYjNi"}
[debug] [2026-09-06T11:59:32.269Z] [Provision Firebase App Poller] Retrying task index 0
[debug] [2026-09-06T11:59:32.270Z] Checked if tokens are valid: true, expires at: 1788698090747
[debug] [2026-09-06T11:59:32.270Z] Checked if tokens are valid: true, expires at: 1788698090747
[debug] [2026-09-06T11:59:32.270Z] >>> [apiv2][query] GET https://firebase.googleapis.com/v1beta1/operations/workflows/NmU3NjE2NzUtNzQyMS00OTc2LWIzODMtZGRiMTgyMGIzYjNi [none]
[debug] [2026-09-06T11:59:32.697Z] <<< [apiv2][status] GET https://firebase.googleapis.com/v1beta1/operations/workflows/NmU3NjE2NzUtNzQyMS00OTc2LWIzODMtZGRiMTgyMGIzYjNi 200
[debug] [2026-09-06T11:59:32.697Z] <<< [apiv2][body] GET https://firebase.googleapis.com/v1beta1/operations/workflows/NmU3NjE2NzUtNzQyMS00OTc2LWIzODMtZGRiMTgyMGIzYjNi {"name":"operations/workflows/NmU3NjE2NzUtNzQyMS00OTc2LWIzODMtZGRiMTgyMGIzYjNi"}
[debug] [2026-09-06T11:59:35.899Z] [Provision Firebase App Poller] Retrying task index 0
[debug] [2026-09-06T11:59:35.899Z] Checked if tokens are valid: true, expires at: 1788698090747
[debug] [2026-09-06T11:59:35.899Z] Checked if tokens are valid: true, expires at: 1788698090747
[debug] [2026-09-06T11:59:35.900Z] >>> [apiv2][query] GET https://firebase.googleapis.com/v1beta1/operations/workflows/NmU3NjE2NzUtNzQyMS00OTc2LWIzODMtZGRiMTgyMGIzYjNi [none]
[debug] [2026-09-06T11:59:36.435Z] <<< [apiv2][status] GET https://firebase.googleapis.com/v1beta1/operations/workflows/NmU3NjE2NzUtNzQyMS00OTc2LWIzODMtZGRiMTgyMGIzYjNi 200
[debug] [2026-09-06T11:59:36.436Z] <<< [apiv2][body] GET https://firebase.googleapis.com/v1beta1/operations/workflows/NmU3NjE2NzUtNzQyMS00OTc2LWIzODMtZGRiMTgyMGIzYjNi {"name":"operations/workflows/NmU3NjE2NzUtNzQyMS00OTc2LWIzODMtZGRiMTgyMGIzYjNi","done":true,"response":{"@type":"type.googleapis.com/google.firebase.service.v1alpha.ProvisionFirebaseAppResponse","configMimeType":"application/json","configData":"ewogICJ2ZXJzaW9uIjogIjIiLAogICJwcm9qZWN0TnVtYmVyIjogIjY5ODg0OTc0NTc2IiwKICAicHJvamVjdElkIjogImFzdG9vLTliOTIyIiwKICAiYXBwSWQiOiAiMTo2OTg4NDk3NDU3Njp3ZWI6YTFjY2QzYmE4MGRiM2ZmM2RkMzkzNSIsCiAgInJlYWx0aW1lRGF0YWJhc2VJbnN0YW5jZVVyaSI6ICIiLAogICJyZWFsdGltZURhdGFiYXNlVXJsIjogIiIsCiAgInN0b3JhZ2VCdWNrZXQiOiAiYXN0b28tOWI5MjIuZmlyZWJhc2VzdG9yYWdlLmFwcCIsCiAgImxvY2F0aW9uSWQiOiAiIiwKICAiYXBpS2V5IjogIkFJemFTeUN4U2lLRjRRbnNtSS14VjRsS3hVUEVwdkZfR3NSS2hLWSIsCiAgImF1dGhEb21haW4iOiAiYXN0b28tOWI5MjIuZmlyZWJhc2VhcHAuY29tIiwKICAibWVzc2FnaW5nU2VuZGVySWQiOiAiNjk4ODQ5NzQ1NzYiLAogICJtZWFzdXJlbWVudElkIjogIkctOFNCQ0VQUkMyTiIsCiAgInJlY2FwdGNoYVNpdGVLZXkiOiAiIgp9","appResource":"projects/astoo-9b922/apps/1:69884974576:web:a1ccd3ba80db3ff3dd3935"}}
[debug] [2026-09-06T11:59:36.436Z] [provision] Firebase app provisioning completed successfully
[info] +  Auth providers enabled: email/password 
[debug] [2026-09-06T11:59:36.436Z] [rules] releasing cloud.firestore with ruleset projects/astoo-9b922/rulesets/0cb287c4-763d-4ad4-8f77-ce91fcd1da28
[debug] [2026-09-06T11:59:36.437Z] Checked if tokens are valid: true, expires at: 1788698090747
[debug] [2026-09-06T11:59:36.437Z] Checked if tokens are valid: true, expires at: 1788698090747
[debug] [2026-09-06T11:59:36.437Z] >>> [apiv2][query] PATCH https://firebaserules.googleapis.com/v1/projects/astoo-9b922/releases/cloud.firestore [none]
[debug] [2026-09-06T11:59:36.438Z] >>> [apiv2][body] PATCH https://firebaserules.googleapis.com/v1/projects/astoo-9b922/releases/cloud.firestore {"release":{"name":"projects/astoo-9b922/releases/cloud.firestore","rulesetName":"projects/astoo-9b922/rulesets/0cb287c4-763d-4ad4-8f77-ce91fcd1da28"}}
[debug] [2026-09-06T11:59:37.635Z] <<< [apiv2][status] PATCH https://firebaserules.googleapis.com/v1/projects/astoo-9b922/releases/cloud.firestore 200
[debug] [2026-09-06T11:59:37.635Z] <<< [apiv2][body] PATCH https://firebaserules.googleapis.com/v1/projects/astoo-9b922/releases/cloud.firestore {"name":"projects/astoo-9b922/releases/cloud.firestore","rulesetName":"projects/astoo-9b922/rulesets/0cb287c4-763d-4ad4-8f77-ce91fcd1da28","createTime":"2026-09-02T12:01:14.945159Z","updateTime":"2026-09-06T11:59:37.671851Z"}
[debug] [2026-09-06T11:59:37.635Z] [rules] updated release projects/astoo-9b922/releases/cloud.firestore
[info] +  firestore: released rules firestore.rules to cloud.firestore 
[debug] [2026-09-06T11:59:37.636Z] [
  {
    "config": {
      "public": "dist",
      "ignore": [
        "firebase.json",
        "**/.*",
        "**/node_modules/**"
      ],
      "rewrites": [
        {
          "source": "**",
          "destination": "/index.html"
        }
      ],
      "site": "astoo-9b922"
    },
    "version": "projects/69884974576/sites/astoo-9b922/versions/bb5bb711adcc2468"
  }
]
[info] i  hosting[astoo-9b922]: finalizing version... 
[debug] [2026-09-06T11:59:37.638Z] Checked if tokens are valid: true, expires at: 1788698090747
[debug] [2026-09-06T11:59:37.638Z] Checked if tokens are valid: true, expires at: 1788698090747
[debug] [2026-09-06T11:59:37.638Z] >>> [apiv2][query] PATCH https://firebasehosting.googleapis.com/v1beta1/projects/-/sites/astoo-9b922/versions/bb5bb711adcc2468 updateMask=status%2Cconfig
[debug] [2026-09-06T11:59:37.638Z] >>> [apiv2][body] PATCH https://firebasehosting.googleapis.com/v1beta1/projects/-/sites/astoo-9b922/versions/bb5bb711adcc2468 {"status":"FINALIZED","config":{"rewrites":[{"glob":"**","path":"/index.html"}]}}
[debug] [2026-09-06T11:59:39.236Z] <<< [apiv2][status] PATCH https://firebasehosting.googleapis.com/v1beta1/projects/-/sites/astoo-9b922/versions/bb5bb711adcc2468 200
[debug] [2026-09-06T11:59:39.236Z] <<< [apiv2][body] PATCH https://firebasehosting.googleapis.com/v1beta1/projects/-/sites/astoo-9b922/versions/bb5bb711adcc2468 {"name":"projects/69884974576/sites/astoo-9b922/versions/bb5bb711adcc2468","status":"FINALIZED","config":{"rewrites":[{"glob":"**","path":"/index.html"}]},"labels":{"deployment-tool":"cli-firebase"},"createTime":"2026-09-06T11:59:15.797370Z","createUser":{"email":"mohmad3mmar017@gmail.com"},"finalizeTime":"2026-09-06T11:59:39.221385Z","finalizeUser":{"email":"mohmad3mmar017@gmail.com"}}
[debug] [2026-09-06T11:59:39.236Z] [hosting] finalized version for astoo-9b922:[object Object]
[info] +  hosting[astoo-9b922]: version finalized 
[info] i  hosting[astoo-9b922]: releasing new version... 
[debug] [2026-09-06T11:59:39.237Z] Checked if tokens are valid: true, expires at: 1788698090747
[debug] [2026-09-06T11:59:39.237Z] Checked if tokens are valid: true, expires at: 1788698090747
[debug] [2026-09-06T11:59:39.237Z] >>> [apiv2][query] POST https://firebasehosting.googleapis.com/v1beta1/projects/-/sites/astoo-9b922/channels/live/releases versionName=projects%2F69884974576%2Fsites%2Fastoo-9b922%2Fversions%2Fbb5bb711adcc2468
[debug] [2026-09-06T11:59:39.237Z] >>> [apiv2][body] POST https://firebasehosting.googleapis.com/v1beta1/projects/-/sites/astoo-9b922/channels/live/releases {}
[debug] [2026-09-06T11:59:40.646Z] <<< [apiv2][status] POST https://firebasehosting.googleapis.com/v1beta1/projects/-/sites/astoo-9b922/channels/live/releases 200
[debug] [2026-09-06T11:59:40.646Z] <<< [apiv2][body] POST https://firebasehosting.googleapis.com/v1beta1/projects/-/sites/astoo-9b922/channels/live/releases {"name":"projects/69884974576/sites/astoo-9b922/channels/live/releases/1788695979656000","version":{"name":"projects/69884974576/sites/astoo-9b922/versions/bb5bb711adcc2468","status":"FINALIZED","config":{"rewrites":[{"glob":"**","path":"/index.html"}]},"labels":{"deployment-tool":"cli-firebase"},"createTime":"2026-09-06T11:59:15.797370Z","createUser":{"email":"mohmad3mmar017@gmail.com","imageUrl":"https://lh3.googleusercontent.com/a/ACg8ocJe7LRH8_wW2sc61ZZcVZ3mRErFo38Q2IRlVd-76PW91FwHtw=mo"},"finalizeTime":"2026-09-06T11:59:39.221385Z","finalizeUser":{"email":"mohmad3mmar017@gmail.com","imageUrl":"https://lh3.googleusercontent.com/a/ACg8ocJe7LRH8_wW2sc61ZZcVZ3mRErFo38Q2IRlVd-76PW91FwHtw=mo"}},"type":"DEPLOY","releaseTime":"2026-09-06T11:59:39.656Z","releaseUser":{"email":"mohmad3mmar017@gmail.com","imageUrl":"https://lh3.googleusercontent.com/a/ACg8ocJe7LRH8_wW2sc61ZZcVZ3mRErFo38Q2IRlVd-76PW91FwHtw=mo"}}
[debug] [2026-09-06T11:59:40.646Z] [hosting] release: {"name":"projects/69884974576/sites/astoo-9b922/channels/live/releases/1788695979656000","version":{"name":"projects/69884974576/sites/astoo-9b922/versions/bb5bb711adcc2468","status":"FINALIZED","config":{"rewrites":[{"glob":"**","path":"/index.html"}]},"labels":{"deployment-tool":"cli-firebase"},"createTime":"2026-09-06T11:59:15.797370Z","createUser":{"email":"mohmad3mmar017@gmail.com","imageUrl":"https://lh3.googleusercontent.com/a/ACg8ocJe7LRH8_wW2sc61ZZcVZ3mRErFo38Q2IRlVd-76PW91FwHtw=mo"},"finalizeTime":"2026-09-06T11:59:39.221385Z","finalizeUser":{"email":"mohmad3mmar017@gmail.com","imageUrl":"https://lh3.googleusercontent.com/a/ACg8ocJe7LRH8_wW2sc61ZZcVZ3mRErFo38Q2IRlVd-76PW91FwHtw=mo"}},"type":"DEPLOY","releaseTime":"2026-09-06T11:59:39.656Z","releaseUser":{"email":"mohmad3mmar017@gmail.com","imageUrl":"https://lh3.googleusercontent.com/a/ACg8ocJe7LRH8_wW2sc61ZZcVZ3mRErFo38Q2IRlVd-76PW91FwHtw=mo"}}
[info] +  hosting[astoo-9b922]: release complete 
[info] 
[info] +  Deploy complete! 
[info] 
[info] Project Console: https://console.firebase.google.com/project/astoo-9b922/overview
[info] Hosting URL: https://astoo-9b922.web.app
